,title,seg
0,[情報] 獵鷹愛德華離隊,"['獵鷹', '愛德華', '離隊']"
1,[情報] 漢來美食海神首勝同慶禮 下載APP領優惠,"['漢來', '首勝', '同慶禮', '下載', 'APP', '領優惠', '海神', '美食']"
2,[新聞] SBL、WSBL首度合併舉行 熱身賽12/27登場,"['SBL', 'WSBL', '舉行', '熱身賽', '12', '27', '登場', '首度']"
3,[閒聊] 如果有出實體遊戲？,"['有出', '實體', '遊戲', '如果']"
4,"[新聞] 免費仔快看！SBL,WSBL 12月台北辦熱身賽","['免費', '仔快', 'SBL', 'WSBL', '12', '熱身賽', '台北']"
5,[閒聊] 夢想家與Converse第三季再次合作,"['夢想家', 'Converse', '第三季', '合作', '再次']"
6,[討論] 谷毛唯嘉是不是未來的台鋼皇帝,"['谷毛', '唯嘉', '未來', '台鋼', '皇帝']"
7,[情報] 艾迪 FB - 里維羅(Ricci Rivero)相關動態,"['艾迪', 'FB', '里維羅', 'Ricci', 'Rivero', '相關', '動態']"
8,[閒聊] PLG Week1 Top 10 Plays,"['PLG', 'Week1', 'Top', '10', 'Plays']"
9,"[問題] 請問""皇帝""跟台鋼的關聯性","['請問', '關聯性', '皇帝']"
10,[新聞] 重磅！那個男人來了　霍華德加盟桃園雲豹,"['那個', '霍華德', '桃園', '雲豹', '重磅', '加盟', '男人']"
11,[新聞] 震撼台灣籃壇！ 「魔獸」豪爾德加盟桃園,"['台灣', '籃壇', '魔獸', '豪爾德', '桃園', '加盟', '震撼']"
12,[閒聊] 這是台籃史上最扯的補強嗎,"['這是', '籃史', '補強']"
13,Re: [新聞] 重磅！那個男人來了　霍華德加盟桃園雲豹,"['Re', '那個', '霍華德', '桃園', '雲豹', '重磅', '加盟', '男人']"
14,[閒聊] 假如林書豪回來vs魔獸會想看誰,"['林書豪', '回來', 'vs', '魔獸', '會想', '假如']"
15,[閒聊] 魔獸來台打T1，場均數據會多少？,"['魔獸', '來台', 'T1', '場均', '數據會', '多少']"
16,[閒聊] 為何中信跟富邦搶不到魔獸?,"['為何', '富邦', '魔獸', '中信', '不到']"
17,[討論]如果真的來DH應該是亞洲史上最大咖洋將巴?,"['DH', '應該', '亞洲史', '咖洋', '將巴', '最大', '如果']"
18,[閒聊] 魔獸加盟t1,"['魔獸', 't1', '加盟']"
19,[問題] 小四講的真的很實在了吧？,"['小四講', '很實']"
20,[閒聊] 黑哥這次輸了,"['黑哥', '這次']"
21,Re: [閒聊] 為何中信跟富邦搶不到魔獸?,"['Re', '為何', '富邦', '魔獸', '中信', '不到']"
22,[閒聊] 幫P+找好台階了,['台階']
23,[閒聊] 魔獸的譯名會是什麼?,"['魔獸', '譯名']"
24,[問題] 桃園雲豹怎麼購票,"['桃園', '雲豹', '購票']"
25,[閒聊] 期許T1球團能把握這次機會拉上觀眾人數,"['期許', 'T1', '球團', '這次', '機會拉上', '觀眾', '人數', '把握']"
26,[討論] 台中太陽的資訊要去哪找,"['太陽', '資訊要', '台中']"
27,[閒聊] 我想進場，但台體那個場館真的太爛,"['我想', '進場', '台體', '那個', '場館', '太爛']"
28,[討論] 劉嘉發會怎麼使用魔獸,"['劉嘉發', '魔獸', '使用']"
29,[情報] 桃園雲豹IG  真‧魔獸降臨,"['桃園', '雲豹', 'IG', '魔獸', '降臨']"
30,Re: [新聞] 重磅！那個男人來了　霍華德加盟桃園雲豹,"['Re', '那個', '霍華德', '桃園', '雲豹', '重磅', '加盟', '男人']"
31,[情報] 攻城獅FB - 超人回來了,"['攻城獅', 'FB', '回來', '超人']"
32,[閒聊] P+跟T1會產生黃金交叉嗎？,"['T1', '會產生', '交叉']"
33,[討論] 魔獸(Dwight Howard)來台打球原因？,"['魔獸', 'Dwight', 'Howard', '來台', '打球', '原因']"
34,[新聞] 爆炸性消息！ 霍華德震撼加盟桃園雲豹,"['霍華德', '桃園', '雲豹', '爆炸性', '加盟', '震撼', '消息']"
35,[討論] 現在T1豪門線怎麼畫,"['現在', 'T1', '豪門線', '怎麼畫']"
36,[討論] 台中太陽是不是只剩搶甜瓜了,"['太陽', '台中', '甜瓜']"
37,[討論] 魔獸會怎樣的數據,"['魔獸', '怎樣', '數據']"
38,[新聞] 曾對前隊友林書豪惡作劇　「魔獸」霍華,"['前隊', '友林書', '豪惡', '作劇', '魔獸', '霍華']"
39,[新聞] 霍華德加盟雲豹　11/19國體大出賽,"['霍華德', '雲豹', '11', '19', '國體', '出賽', '加盟']"
40,[閒聊] 這應該已經到亞洲史上最大咖了吧?,"['這應', '經到', '亞洲史', '咖了', '最大']"
41,[新聞] 魔獸加盟T1！霍華場外5私生子79億不夠花,"['魔獸', 'T1', '霍華場', '79', '億不夠', '私生子', '加盟']"
42,[閒聊] 臺灣籃壇誰禁區能扛下魔獸?,"['扛下', '灣籃壇', '禁區', '魔獸']"
43,[閒聊] 小四是不是想跟魔獸打球才復出,"['小四', '魔獸', '打球']"
44,[新聞] 「魔獸」霍華德加盟T1桃園雲豹　台灣初登,"['魔獸', '霍華德', 'T1', '桃園', '雲豹', '台灣', '初登', '加盟']"
45,[討論] P+找誰來加盟才能贏過魔獸的聲量,"['贏過', '魔獸', '聲量', '加盟', '才能']"
46,Fw: [討論] NBA Taiwan FB,"['Fw', 'NBA', 'Taiwan', 'FB']"
47,[閒聊] 真核彈級消息 下一個 要怎樣才有辦法超越?,"['真核', '彈級', '下一個', '怎樣', '辦法', '超越', '消息']"
48,[問題] P+為什麼挖魔獸輸雲豹...?,"['魔獸', '雲豹', '...']"
49,Re: [討論] P+找誰來加盟才能贏過魔獸的聲量,"['Re', '贏過', '魔獸', '聲量', '加盟', '才能']"
50,[閒聊] 胡凱翔 李漢昇 曾文鼎碰到魔獸會怎樣？,"['胡凱翔', '李漢', '曾文鼎', '魔獸', '怎樣', '碰到']"
51,Re: [新聞] 台籃震撼彈!「魔獸」霍華德或將降臨寶島,"['Re', '台籃', '魔獸', '霍華德', '將降', '臨寶島', '震撼']"
52,[情報] T1 League IG - 歡迎魔獸,"['T1', 'League', 'IG', '歡迎', '魔獸']"
53,Re: [閒聊] P+跟T1會產生黃金交叉嗎？,"['Re', 'T1', '會產生', '交叉']"
54,[閒聊]  12月中信主場對雲豹的售票情況,"['12', '主場', '雲豹', '情況', '售票', '中信']"
55,[閒聊] 之前飛到美國看霍華德要多少錢,"['飛到', '美國', '霍華德要', '多少', '之前']"
56,[討論] DH來看到台灣籃球硬體設備會生氣吧,"['DH', '台灣', '籃球', '硬體', '設備', '生氣']"
57,[閒聊] T1 11/19魔獸初登場直播人數會多少,"['T1', '11', '19', '魔獸', '初登場', '人數會', '直播', '多少']"
58,[討論] 海神售票A+B是不是很佛心,"['佛心', '海神', '售票']"
59,[討論] 魔獸守得住辛巴嗎？,"['魔獸', '辛巴', '守得']"
60,[新聞] Howard重磅加盟雲豹 將與GM蘇翊傑同日出賽,"['Howard', '雲豹', '將與', 'GM', '蘇翊傑', '出賽', '重磅', '加盟', '同日']"
61,[討論] 魔獸是不是喚出很多十年老雲粉？,"['魔獸', '喚出', '老雲粉', '十年', '很多']"
62,[討論] 當年Manny來台票房,"['當年', 'Manny', '來台', '票房']"
63,[閒聊] 魔獸不知道有沒有簽特殊條款,"['魔獸', '有簽', '條款', '特殊', '知道']"
64,Re: [討論] DH來看到台灣籃球硬體設備會生氣吧,"['Re', 'DH', '台灣', '籃球', '硬體', '設備', '生氣']"
65,[情報] DH IG發文,"['DH', 'IG', '發文']"
66,[討論] 台灣籃球是不是要起飛了？,"['台灣', '籃球']"
67,[討論] Dwight Howard背號還會是39嗎？,"['Dwight', 'Howard', '背號', '還會', '39']"
68,[討論] 魔獸可以複製 當年帶魔術隊打總冠嗎,"['魔獸', '當年', '魔術隊', '總冠', '可以']"
69,[新聞] 魔獸來了！100元看得到NBA球星？雲豹門,"['魔獸', '100', 'NBA', '雲豹', '球星', '得到']"
70,[問題] 台灣有人撐得住Howard全力一擊嗎？,"['台灣', 'Howard', '一擊', '全力', '有人']"
71,[閒聊] 美國Reddit 跟虎撲鄉民反應,"['美國', 'Reddit', '鄉民', '反應']"
72,[新聞] 霍華德不符合薪資規定　T1聯盟同意後加,"['霍華德', '薪資', '規定', 'T1', '聯盟', '符合', '同意']"
73,[討論] 從今天起就是電豹女粉絲！,"['電豹', '女粉', '今天', '就是']"
74,[閒聊] 柴哥大戰魔獸,"['柴哥', '大戰', '魔獸']"
75,[討論] 其他隊找JRSmith之類的待業球星可能性,"['JRSmith', '之類', '待業', '球星', '可能性', '其他']"
76,[閒聊] 能不能季中再辦一次跨聯盟交流賽,"['季中', '跨聯盟', '交流', '一次', '不能']"
77,[討論] 明星賽改成跨聯盟交流是不是很讚,"['跨聯盟', '改成', '交流', '明星']"
78,[閒聊] 希望p+可以跟T1有交流賽,"['T1', '交流', '希望', '可以']"
79,[閒聊] 比起雲豹 鋼鐵人跟國王是在哈囉?,"['雲豹', '鋼鐵人', '國王', '比起']"
80,[閒聊] T1 484很有誠意,"['T1', '484', '誠意']"
81,[閒聊] T1再搶到緯哥書豪484就逆襲了??,"['T1', '緯哥', '書豪', '484', '逆襲']"
82,[問題] P+現在要怎麼蹭才不會被酸？,"['現在', '不會']"
83,[閒聊] 未來最想看魔獸對決誰？,"['未來', '魔獸', '對決', '最想']"
84,Re: [閒聊] T1在搶到緯哥書豪484就逆襲了??,"['Re', 'T1', '緯哥', '書豪', '484', '逆襲']"
85,[情報] 12/17 中信特攻vs 桃園雲豹下層完售,"['12', '17', '特攻', 'vs', '桃園', '雲豹', '下層', '完售', '中信']"
86,Re: [討論] T1聯盟會長表示希望與P+進行交流,"['Re', 'T1', '聯盟會長', '進行', '交流', '希望', '表示']"
87,[閒聊] Howard宣布加盟後T1的票房快速增加中,"['Howard', 'T1', '票房', '加盟', '快速', '宣布', '增加']"
88,[討論] 曾文鼎、吳岱豪對位真魔獸,"['曾文鼎', '吳岱豪', '對位', '魔獸']"
89,[閒聊] 如果魔獸來了以後滿場是不是證明,"['魔獸', '以後滿場', '證明', '如果']"
90,Re: [閒聊] 比起雲豹 鋼鐵人跟國王是在哈囉?,"['Re', '雲豹', '鋼鐵人', '國王', '比起']"
91,[情報] PLG Week1 週MVP 辛特力,"['特力', 'PLG', 'Week1', 'MVP']"
92,[新聞] NBA球星加入雲豹 網友虧：股票可買到了？,"['NBA', '雲豹', '網友', '可買', '球星', '加入', '股票']"
93,[問題] 魔獸霍華德的薪資大概是多少?,"['魔獸', '霍華德', '薪資', '大概', '多少']"
94,[閒聊] 雲豹是不是在下很大一盤棋?,"['雲豹', '一盤', '很大']"
95,[討論] 謝宗融 VS  曾文鼎,"['謝宗融', 'VS', '曾文鼎']"
96,[討論] 最想看到聖光獸對上誰的戲碼？,"['聖光獸', '戲碼', '最想']"
97,[討論] 下一個來的會是西門嗎,"['下一個', '西門']"
98,Re: [情報] 12/17 中信特攻vs 桃園雲豹下層完售,"['Re', '12', '17', '特攻', 'vs', '桃園', '雲豹', '下層', '完售', '中信']"
99,[討論] 執行長跟事務長現在在想什麼？,"['執行長', '事務長', '現在']"
100,[討論] 太陽要從NBA找誰才能跟著起飛,"['太陽要', 'NBA', '著起', '才能']"
101,[閒聊] 雲豹是不是成為桃園一哥了,"['雲豹', '成為', '桃園', '一哥']"
102,[討論] 魔獸應該取什麼綽號才符合雲豹,"['魔獸', '應該', '取什麼', '綽號', '雲豹', '符合']"
103,[討論] 魔獸加盟雲豹上ESPN頭版,"['魔獸', '雲豹', 'ESPN', '頭版', '加盟']"
104,[問題] 魔獸是T1的糖衣還是毒藥,"['魔獸', 'T1', '糖衣', '還是', '毒藥']"
105,[問題] pleague 球員可以去看T1嗎,"['pleague', '球員', 'T1', '可以']"
106,[公告] 水桶,['水桶']
107,[情報] 台啤英熊主場對戰雲豹 門票緊急加開販獸,"['啤英熊', '主場', '對戰', '雲豹', '門票', '緊急', '加開', '販獸']"
108,[公告] basketballTW 樂透開獎,"['basketballTW', '樂透', '開獎']"
109,[新聞] 啦啦隊女神玩SUP洩蜜桃曲線 與她練瑜伽1,"['SUP', '曲線', '蜜桃', '瑜伽', '女神']"
110,[閒聊] 雲豹可以借小巨蛋吧？,"['巨蛋', '雲豹', '借小', '可以']"
111,[閒聊] 魔獸會自掏腰包幫雲豹買什麼？,"['自掏腰包', '魔獸', '雲豹', '買什麼']"
112,[情報] 攻城獅FB-獅黑召集令,"['攻城獅', 'FB', '獅黑', '召集令']"
113,[新聞] 要跟魔獸當隊友　蘇翊傑：Oh my God！,"['魔獸', '當隊友', '蘇翊傑', 'Oh', 'my', 'God']"
114,[閒聊] 台灣男子職籃的未來發展,"['台灣', '職籃', '未來', '發展', '男子']"
115,[新聞] 魔獸專機震撼降落 DH宣布加盟T1桃園雲豹,"['魔獸', '專機', 'DH', 'T1', '桃園', '雲豹', '降落', '加盟', '震撼', '宣布']"
116,Re: [討論] T1這種觀眾人數能撐幾年啊？,"['Re', 'T1', '這種', '觀眾', '人數', '幾年']"
117,[討論] T1這波賺翻了,"['T1', '這波']"
118,[閒聊] 假如魔獸待完整季，雲豹能走多遠,"['魔獸', '雲豹', '假如', '完整']"
119,[新聞] 霍華德薪資引熱議 雲豹回應：有簽保密合約,"['霍華德薪', '資引', '熱議', '雲豹', '回應', '有簽', '合約', '保密']"
120,[討論] DH有可能打滿一季嗎?,"['DH', '打滿', '一季']"
121,[情報] 魔獸Howard薪資確定超過640萬,"['魔獸', 'Howard', '薪資', '確定', '超過', '640']"
122,Re: [新聞] 要跟魔獸當隊友　蘇翊傑：Oh my God！,"['Re', '魔獸', '當隊友', '蘇翊傑', 'Oh', 'my', 'God']"
123,[閒聊] 第一季T1只支持雲豹的P寶路過,"['T1', '雲豹', '寶路過', '第一季', '支持']"
124,[閒聊] 雲豹跟獵鷹兩隊是不是進步很多？,"['雲豹', '獵鷹', '兩隊', '進步', '很多']"
125,[討論] 其實小四第一季就有想簽大咖洋將,"['其實', '簽大', '咖洋將', '第一季']"
126,Re: [新聞] 霍華德不符合薪資規定　T1聯盟同意後加,"['Re', '霍華德', '薪資', '規定', 'T1', '聯盟', '符合', '同意']"
127,[新聞] 霍華德將先發正常出賽　保證待滿整季,"['霍華德將', '先發', '出賽', '保證', '整季', '正常']"
128,[問題] 門票100塊，你會願意花錢買周邊嗎,"['門票', '100', '你會願', '意花', '周邊']"
129,[新聞] 「魔獸」霍華德來台掀搶票熱潮！T1公佈,"['魔獸', '霍華德來', '搶票', '熱潮', 'T1']"
130,[討論] 四神湯484台籃第一湯？,"['四神湯', '484', '台籃', '第一']"
131,[討論] 球季中跨聯盟可以自辦練習賽嗎？,"['球季', '聯盟', '自辦練', '習賽', '可以']"
132,[閒聊] p.league+要補誰才有可能翻轉,"['league', '翻轉']"
133,[討論] 所以p+接下來怎麼辦？,"['接下', '所以']"
134,[問題] 月薪超過20萬鎂 這有其他球隊會跟嗎？,"['超過', '20', '萬鎂', '這有', '球隊', '月薪', '其他']"
135,[討論] 到底台灣什麼吸引霍華德,"['台灣', '霍華德', '吸引', '到底']"
136,[討論] 願砸大錢提升可看度，球迷都會進場吧,"['大錢', '看度', '進場', '球迷', '提升']"
137,[新聞]「魔獸」客場比賽搶爆了！售票網站直接當機,"['魔獸', '客場', '比賽', '網站', '當機', '售票', '直接']"
138,[討論] 桃園永豐雲豹---全新主場館介紹,"['桃園', '永豐', '雲豹', '---', '主場', '館介紹', '全新']"
139,[新聞] 新北國王開幕周推「楊敬敏MVP主題周」,"['新北國', '王開幕', '楊敬敏', 'MVP', '主題']"
140,[討論] 魔獸打到一半被CBA挖走的機率大嗎？,"['魔獸', 'CBA', '機率', '挖走', '一半']"
141,[討論] 魔獸來的震驚程度有大於曼尼旋風嗎？,"['魔獸', '曼尼旋風', '程度']"
142,[新聞] 台籃掀起「魔獸熱」T1特攻獵鷹成另類贏家,"['台籃', '魔獸', 'T1', '特攻', '獵鷹', '另類', '贏家', '掀起']"
143,[討論] 林書豪來打T1，入場觀眾能跟魔獸一樣多嗎,"['林書', '豪來', 'T1', '入場', '觀眾', '魔獸', '一樣']"
144,[乳摸]又有一個重量級人物要來？,"['乳摸', '一個', '要來', '重量', '人物']"
145,Re: [問題] 月薪超過20萬鎂 這有其他球隊會跟嗎？,"['Re', '超過', '20', '萬鎂', '這有', '球隊', '月薪', '其他']"
146,[問題] 魔獸的身手還能主宰T1禁區嗎？,"['魔獸', '還能', 'T1', '禁區', '身手', '主宰']"
147,[分享] 魔獸05年第一次來台灣的照片,"['魔獸', '05', '台灣', '分享', '照片', '第一次']"
148,Re: [討論] 魔獸來的震驚程度有大於曼尼旋風嗎？,"['Re', '魔獸', '曼尼旋風', '程度']"
149,[新聞] 魔獸要來連棒球圈都關注！球員2週前收到,"['魔獸', '要來連', '關注', '球員', '週前', '棒球', '收到']"
150,[討論] 台籃兩聯盟的競爭關係,"['台籃', '兩聯盟', '競爭關']"
151,[問題] 會因為魔獸只看T嗎？,"['因為', '魔獸']"
152,[討論] P+下一步該怎麼走？,['一步']
153,[閒聊] 請問永豐銀行會推出魔獸聯名信用卡嗎？,"['問永豐', '銀行會', '魔獸', '聯名', '信用卡', '推出']"
154,Re: [問題] 魔獸的身手還能主宰T1禁區嗎？,"['Re', '魔獸', '還能', 'T1', '禁區', '身手', '主宰']"
155,[討論] 魔獸牌子那麼大T1裁判敢插T嗎,"['魔獸', '那麼', 'T1', '裁判', '牌子']"
156,Re: [討論] 魔獸來的震驚程度有大於曼尼旋風嗎？,"['Re', '魔獸', '曼尼旋風', '程度']"
157,[討論] P+真正的危機是這個,"['危機', '這個', '真正']"
158,[閒聊] 歐尼爾又發限動  LBJ按讚,"['歐尼爾', '發限動', 'LBJ']"
159,[閒聊] 雲豹IG追蹤數超越海神了...,"['雲豹', 'IG', '...', '海神', '超越']"
160,[閒聊] T1球員曝光度大大提升,"['T1', '球員', '曝光', '大大', '提升']"
161,[心得] 第一次要支持桃園本土球隊,"['桃園', '球隊', '本土', '第一次', '支持']"
162,[新聞] 雲豹下重本找「魔獸」豪爾德 最便宜票價還是100元嗎？,"['雲豹', '重本', '魔獸', '豪爾德', '票價', '還是', '100', '便宜']"
163,[情報] 艾迪 FB - 前廣廈洋將 福特森有意來台打球,"['艾迪', 'FB', '前廣廈', '洋將', '來台', '打球', '福特', '有意']"
164,[新聞] PLG危險了？魔獸加盟T1「勁敵」陳建州發文,"['PLG', '危險', '魔獸', 'T1', '勁敵', '發文', '建州', '加盟']"
165,[閒聊] 魔獸來台 唯一會有危機的應該是領航猿吧?,"['魔獸', '來台', '會有', '危機', '應該', '領航', '唯一']"
166,[討論] 假設如果雲豹是給魔獸200萬美金,"['假設', '雲豹', '是給', '魔獸', '200', '美金', '如果']"
167,Re: [新聞] PLG危險了？魔獸加盟T1「勁敵」陳建州發文,"['Re', 'PLG', '危險', '魔獸', 'T1', '勁敵', '發文', '建州', '加盟']"
168,[討論] 現在p+去找t1打跨聯盟能挽救人氣嗎,"['現在', 't1', '聯盟', '人氣', '挽救']"
169,[新聞] 「考慮B聯盟嗎？」 Howard加盟台籃連日網友,"['考慮', '聯盟', 'Howard', '台籃', '連日', '網友', '加盟']"
170,[新聞] 台籃史上最強NBA明星中鋒來啦！受他影響,"['台籃史', '最強', 'NBA', '中鋒', '影響', '明星']"
171,[新聞] 鄭運鵬「從小看魔獸在魔術打球」　網友,"['鄭運鵬', '魔獸', '魔術', '網友', '打球', '小看']"
172,[閒聊] P+現在願意跟T1打比賽了嗎？,"['現在', '願意', 'T1', '打比賽']"
173,Re: [新聞] 台籃震撼彈!「魔獸」霍華德或將降臨寶島,"['Re', '台籃', '魔獸', '霍華德', '將降', '臨寶島', '震撼']"
174,Re: [討論] 魔獸來的震驚程度有大於曼尼旋風嗎？,"['Re', '魔獸', '曼尼旋風', '程度']"
175,[閒聊] T1 各隊洋將,"['T1', '各隊', '洋將']"
176,[新聞] 台籃震撼彈炸不停？NBA巨星「甜瓜」安東,"['台籃', '彈炸', 'NBA', '安東', '甜瓜', '巨星', '震撼', '不停']"
177,[心得] 來過台灣比賽的內線洋將 火鍋能力,"['來過', '台灣', '比賽', '內線', '洋將', '火鍋', '能力']"
178,[新聞] 啦啦隊新女神！15秒「火辣出水」畫面曝,"['15', '畫面', '火辣', '出水', '女神']"
179,[問題] 請問桃園雲豹的主場休息區,"['請問', '桃園', '雲豹', '主場', '休息']"
180,[閒聊] 桃園領航猿是怎麼輸的？,"['桃園', '領航']"
181,[新聞] DWIGHT HOWARD SIGNS DEAL TO PLAY FOR,"['DWIGHT', 'HOWARD', 'SIGNS', 'DEAL', 'PLAY']"
182,[閒聊] T1名字是不是取對了,"['T1', '取對', '名字']"
183,[情報] 12/17特攻對雲豹主場比賽即將完售,"['12', '17', '特攻', '雲豹', '主場', '比賽', '即將', '完售']"
184,[討論] T1是NBA認證的台灣頂級聯賽,"['T1', 'NBA', '認證', '台灣', '頂級', '聯賽']"
185,[閒聊]  如果甜瓜也去T1 PLG 本季還有看的必要,"['T1', 'PLG', '本季', '甜瓜', '必要', '如果']"
186,Re: [閒聊] 桃園領航猿是怎麼輸的？,"['Re', '桃園', '領航']"
187,[閒聊] 火鍋店巧遇四爺,"['火鍋店', '四爺', '巧遇']"
188,[問題] 魔獸面對台媒會如何吹捧台籃球員?,"['魔獸', '面對', '媒會', '台籃', '球員', '吹捧', '如何']"
189,[閒聊] 雲豹眾小醬現在484瑟瑟發抖？,"['雲豹', '眾小醬現', '484', '發抖', '瑟瑟']"
190,[討論] 認真問 T1其他五隊之後則怎麼擋住魔獸,"['認真問', 'T1', '五隊', '之後則', '魔獸', '其他']"
191,[討論] 現在中信還能打贏桃園嗎？,"['現在', '還能', '打贏', '桃園', '中信']"
192,Re: [新聞] 雲豹下重本找「魔獸」豪爾德 最便宜票價還是100元嗎？,"['Re', '雲豹', '重本', '魔獸', '豪爾德', '票價', '還是', '100', '便宜']"
193,[閒聊] 隊友實力太爛，魔獸有辦法展現實力嗎？,"['隊友', '實力', '太爛', '魔獸', '辦法展', '現實力']"
194,[討論] 現在是T1、PLG談判的最佳時機吧,"['現在', 'T1', 'PLG', '談判', '時機', '最佳']"
195,[討論] T1各主場設備要開始健檢了,"['T1', '主場', '設備', '開始', '健檢']"
196,[分享] 魔獸在NBA的經典影片,"['魔獸', 'NBA', '經典', '分享', '影片']"
197,[討論] 白曜誠,['白曜']
198,[問題] 為什麼球員反應挺冷的,"['球員', '反應']"
199,Re: [閒聊] 隊友實力太爛，魔獸有辦法展現實力嗎？,"['Re', '隊友', '實力', '太爛', '魔獸', '辦法展', '現實力']"
200,[新聞] 台灣運動史上最高薪洋將　霍華德可望成,"['台灣', '運動史', '洋將', '霍華德', '高薪', '可望']"
201,[新聞] 實現當年承諾加入桃園雲豹　Howard發文,"['實現', '當年', '承諾', '桃園', '雲豹', 'Howard', '發文', '加入']"
202,[新聞] 魔獸確定打滿整季！蘇翊傑:DH每場都先發,"['魔獸', '確定', '打滿', '整季', '蘇翊傑', 'DH', '每場', '先發']"
203,[新聞] 大咖不只哈沃德一人 細數那些年旅台的,"['咖不只', '哈沃德', '細數', '旅台', '一人', '那些']"
204,[新聞] 魔獸來台打球 中國球迷:去台灣就是去中國,"['中國', '魔獸', '來台', '台灣', '打球', '球迷', '就是']"
205,[閒聊] 魔獸加盟桃園雲豹上關鍵時刻,"['魔獸', '桃園', '雲豹', '關鍵', '時刻', '加盟']"
206,[討論] T1其他隊有可能祭出犯規戰術對付魔獸嗎？,"['T1', '隊有', '規戰術', '對付', '魔獸', '祭出', '其他']"
207,Re: [討論] 魔獸來的震驚程度有大於曼尼旋風嗎？,"['Re', '魔獸', '曼尼旋風', '程度']"
208,[情報] 1/8雲豹台啤比賽完售,"['雲豹', '啤比賽', '完售']"
209,Re: [新聞] 大咖不只哈沃德一人 細數那些年旅台的,"['Re', '咖不只', '哈沃德', '細數', '旅台', '一人', '那些']"
210,[討論] 四gm不參與本土爭奪戰是今年最傑出的一,"['gm', '不參', '爭奪戰', '最傑', '本土', '今年']"
211,[閒聊] 桑德斯臉書,"['桑德斯', '臉書']"
212,Re: [問題] 魔獸面對台媒會如何吹捧台籃球員?,"['Re', '魔獸', '面對', '媒會', '台籃', '球員', '吹捧', '如何']"
213,[討論] T1還能增加幾隊？,"['T1', '還能', '幾隊', '增加']"
214,Re: [討論] T1其他隊有可能祭出犯規戰術對付魔獸嗎？,"['Re', 'T1', '隊有', '規戰術', '對付', '魔獸', '祭出', '其他']"
215,[討論] 魔獸之後會不會介紹其他NBA球員來打,"['魔獸', '之後會', '不會', '介紹', 'NBA', '球員來', '其他']"
216,Re: [閒聊] P+現在願意跟T1打比賽了嗎？,"['Re', '現在', '願意', 'T1', '打比賽']"
217,[情報] 已開賣之雲豹客場場次售票情形,"['已開', '雲豹', '客場', '場次', '售票', '情形']"
218,[討論] 只有我覺得魔獸可能沒辦法統治T1嗎,"['我覺', '魔獸', '沒辦法', '統治', 'T1', '只有']"
219,[閒聊] 張宗憲配 辛特力打魔獸的話是不是票房保,"['特力', '張宗憲配', '魔獸', '票房']"
220,[閒聊] 魔獸來台 是不是台灣藝人YT一推來認識?,"['魔獸', '來台', '台灣', '藝人', 'YT', '推來', '認識']"
221,Re: [閒聊]  如果甜瓜也去T1 PLG 本季還有看的必要,"['Re', 'T1', 'PLG', '本季', '甜瓜', '必要', '如果']"
222,[新聞] 魔獸風暴襲台　雲豹主場挑戰台籃最狂1500席滿座,"['魔獸', '風暴', '襲台', '雲豹', '主場', '挑戰', '台籃', '最狂', '1500', '席滿座']"
223,[討論] 大家是不是忘了那個叫自由的男人,"['那個', '男人', '自由', '大家']"
224,[新聞] 薪資開特例 「魔獸」掀搶票潮盼超越曼,"['薪資開', '魔獸', '掀搶票', '潮盼', '特例', '超越']"
225,[情報] 台灣職籃IG追蹤人數,"['台灣', '職籃', 'IG']"
226,Re: [討論] 現在中信還能打贏桃園嗎？,"['Re', '現在', '還能', '打贏', '桃園', '中信']"
227,[閒聊] 魔獸來臺會給球員帶來什麼正面效益,"['魔獸', '會給', '球員帶', '效益', '正面']"
228,[新聞] 魔獸降臨下一個是甜瓜? NBA報導稱台灣T1,"['魔獸', '降臨', '一個', 'NBA', '報導稱', '台灣', 'T1', '甜瓜']"
229,[問題] 魔獸有可能開心待到雲豹一整季嗎？,"['魔獸', '開心', '雲豹', '整季']"
230,[討論] T1最佳GM是不是可以提早頒獎了?,"['T1', 'GM', '頒獎', '提早', '最佳', '可以']"
231,[情報] 12/24 桃園雲豹 vs 台鋼獵鷹 門票完售,"['12', '24', '桃園', '雲豹', 'vs', '台鋼', '獵鷹', '門票', '完售']"
232,Re: [新聞] 魔獸降臨下一個是甜瓜? NBA報導稱台,"['Re', '魔獸', '降臨', '一個', 'NBA', '報導', '稱台', '甜瓜']"
233,[新聞] 魔獸霍華德來台打球　楊敬敏：對台籃環,"['魔獸', '霍華德來', '楊敬敏', '對台', '籃環', '打球']"
234,[新聞] 否認接觸甜瓜　毛加恩有時間也想看霍華,"['否認', '接觸', '毛加恩有', '時間', '霍華', '甜瓜']"
235,[閒聊]  雲豹真的有本事吧 魔獸又不缺錢,"['雲豹', '魔獸', '缺錢', '本事']"
236,[情報] 台啤英熊11/12開幕戰 表演嘉賓–李英宏,"['啤英熊', '11', '12', '開幕戰', '嘉賓', '李英宏', '表演']"
237,[討論] 林書豪、甜瓜加盟台籃可能性,"['林書豪', '台籃', '甜瓜', '加盟', '可能性']"
238,[閒聊] 大家會不會炒過頭了？,"['會不會', '過頭', '大家']"
239,[閒聊] 有趣的現象,"['現象', '有趣']"
240,[討論] 坦白說 沒人關心T1明年賽季營運狀況吧,"['沒人', '關心', 'T1', '賽季營', '運狀況', '坦白', '明年']"
241,[新聞] 魔獸魅力大恐衝擊票房？ 毛加恩不擔心,"['魔獸', '大恐', '衝擊', '毛加恩', '擔心', '票房', '魅力']"
242,[新聞] 夢想家12日主場開幕戰 　當週2日票券完售,"['票券', '夢想家', '12', '主場', '開幕戰', '當週', '完售']"
243,[閒聊] T1會出現極端現象嗎？,"['T1', '會出', '現極端', '現象']"
244,[討論] 新北國王洋將又走一個？,"['新北國', '王洋將', '一個']"
245,[新聞] 台啤英熊前進基隆？　立委蔡適應：全力,"['立委', '啤英', '熊前', '蔡適', '基隆', '全力']"
246,[閒聊] 魔獸現在的實力可以直接衝擊冠軍嗎,"['魔獸', '現在', '實力', '衝擊冠', '直接', '可以']"
247,Re: [閒聊]  雲豹真的有本事吧 魔獸又不缺錢,"['Re', '雲豹', '魔獸', '缺錢', '本事']"
248,[閒聊] Dwight Howard知道台灣有很多魔獸嗎,"['Dwight', 'Howard', '台灣', '魔獸', '很多', '知道']"
249,[閒聊] 大家覺得雲豹這季的主場票房會成長多少？,"['覺得', '雲豹', '這季', '主場', '成長', '票房', '多少', '大家']"
250,"[閒聊] 魔獸來了,敵隊教練開始抖了嗎","['魔獸', '敵隊', '教練', '開始']"
251,[討論] 館長會邀請魔獸上健身房嗎,"['館長', '魔獸', '健身房']"
252,[情報] 桃園永豐雲豹例行賽主場售票資訊,"['桃園', '永豐', '雲豹', '主場', '資訊', '售票', '例行']"
253,[閒聊] 「魔獸」是台灣最多球員用的NBA稱號嗎?,"['魔獸', '台灣', '球員用', 'NBA', '稱號', '最多']"
254,[閒聊] 魔獸DH來台可以宰制台籃禁區嗎?,"['魔獸', 'DH', '來台', '宰制', '台籃', '禁區', '可以']"
255,[新聞] 國王否認接觸甜瓜安東尼　毛加恩：努力,"['國王否', '認接觸', '安東尼', '毛加恩', '甜瓜', '努力']"
256,[新聞] 甜瓜被傳可能來台！美媒曝他在等籃網,"['來台', '美媒', '籃網', '甜瓜']"
257,[情報] 週年慶刷卡換到兩張12/17特攻對雲豹的票,"['週年慶', '換到', '兩張', '12', '17', '特攻', '雲豹', '刷卡']"
258,[新聞] 李英宏開幕戰獻唱　台啤英熊盼拿海神祭旗,"['李英宏', '開幕', '戰獻唱', '啤英', '熊盼', '祭旗', '海神']"
259,[新聞] 「魔獸旋風」超狂　雲豹母企業股價竟大1,"['魔獸', '旋風', '超狂', '雲豹', '母企業', '股價', '竟大']"
260,[新聞] 魔獸加盟記者會　緯來體育台12日全程直播,"['魔獸', '記者', '緯來', '體育台', '12', '直播', '加盟', '全程']"
261,[情報] 太陽11/26主場門票優惠,"['太陽', '11', '26', '主場', '門票', '優惠']"
262,[閒聊] 桃園永豐雲豹 波蘭巨塔拉佩塔（Adam Lap,"['桃園', '永豐', '雲豹', '波蘭', '佩塔', 'Adam', 'Lap', '塔拉']"
263,[閒聊] 根本不用質疑魔獸現在的實力,"['質疑', '魔獸', '現在', '實力', '不用', '根本']"
264,[討論] SBL單洋時期前三好用的洋助人是誰？,"['助人', 'SBL', '單洋', '時期', '前三好']"
265,[新聞] 「魔獸」殺爆台籃？美推特預測單場53分24,"['魔獸', '爆台籃', '推特', '預測', '單場', '53', '24']"
266,[討論] 現在SBL才是公益聯盟吧,"['現在', 'SBL', '聯盟', '公益']"
267,[問題] 請問一下雲豹的老板到底是誰啊,"['請問', '雲豹', '老板', '到底', '一下']"
268,[問題] 坐髮香區可以跟球員互動嗎？,"['香區', '跟球員', '互動', '可以']"
269,[新聞] 夢想家主場開幕周 Formosa Sexy新服裝火辣亮相,"['夢想家', '主場', '開幕周', 'Formosa', 'Sexy', '服裝', '火辣', '亮相']"
270,[新聞] 快訊／魔獸霍華德抵台時間公布　10日晚,"['快訊', '魔獸', '霍華德', '抵台', '時間', '10', '日晚', '公布']"
271,[新聞] 國外球迷祝福魔獸霍華：台灣是個好地方,"['國外', '魔獸', '霍華', '台灣', '球迷', '祝福', '地方']"
272,Re: [新聞] 「魔獸」殺爆台籃？美推特預測單場53分24,"['Re', '魔獸', '爆台籃', '推特', '預測', '單場', '53', '24']"
273,[閒聊] 魔獸來臺灣有可能上誰的節目,"['魔獸', '灣有', '節目']"
274,[情報] 雲豹IG A區進場贈品,"['雲豹', 'IG', '區進場', '贈品']"
275,[閒聊] 黑人現在如果能找林書豪加盟是不是就贏了,"['現在', '林書豪', '就贏', '加盟', '黑人', '如果']"
276,Re: [閒聊] 黑人現在如果能找林書豪加盟是不是就贏了,"['Re', '現在', '林書豪', '就贏', '加盟', '黑人', '如果']"
277,Re: [閒聊] 黑人現在如果能找林書豪加盟是不是就贏了,"['Re', '現在', '林書豪', '就贏', '加盟', '黑人', '如果']"
278,[新聞] 新「福利女神」現身！啦啦隊正妹低頭自,"['現身', '正妹', '低頭', '女神', '福利']"
279,[討論] 桃園要怎麼補強才能贏中信,"['桃園', '補強', '中信', '才能']"
280,Re: [閒聊] 黑人現在如果能找林書豪加盟是不是就贏了,"['Re', '現在', '林書豪', '就贏', '加盟', '黑人', '如果']"
281,Re: [閒聊] 黑人現在如果能找林書豪加盟是不是,"['Re', '現在', '林書豪', '加盟', '黑人', '如果']"
282,[閒聊] 今年最差GM是哪隊??,"['GM', '哪隊', '最差', '今年']"
283,[討論] 中信兄弟二連霸，辜董會砸大錢在特攻嗎？,"['二連霸', '董會', '特攻', '中信', '兄弟']"
284,[討論]  中信特攻壓力是不是大了,"['特攻', '壓力', '中信']"
285,[新聞]獨家／網敲碗魔獸戰《全明星》製作單位認了,"['全明星', '獨家', '網敲碗', '魔獸']"
286,[討論] 兩聯盟到最後薪資上限會形同虛設？,"['兩聯盟', '最後薪資', '虛設', '形同', '上限']"
287,[討論] 現役NBA 可能來台加盟的知名球星,"['現役', 'NBA', '來台', '球星', '加盟', '知名']"
288,[新聞] 掉漆！魔獸霍華德開幕戰　球場爆漏水、電,"['魔獸', '霍華德', '開幕戰', '球場', '漏水']"
289,[討論] 職籃球團自蓋籃球館效益是不是很低？,"['職籃', '球團', '自蓋', '籃球館', '效益']"
290,Re: [討論] SBL單洋時期前三好用的洋助人是誰？,"['助人', 'Re', 'SBL', '單洋', '時期', '前三好']"
291,[閒聊] 雲豹搬進國體大 砸錢換計分板、裝潢休息,"['雲豹', '進國體', '換計', '分板', '裝潢', '休息']"
292,Re: [閒聊] 黑人現在如果能找林書豪加盟是不是就贏了,"['Re', '現在', '林書豪', '就贏', '加盟', '黑人', '如果']"
293,[情報] 魔獸在機場準備來台灣了！,"['魔獸', '機場', '準備', '台灣']"
294,[討論] 所以現在T1跟P+誰越做越好,"['現在', 'T1', '越做越', '所以']"
295,[新聞] 魔獸帶起T1職籃狂潮！　台鋼獵鷹開幕戰,"['魔獸', '帶起', 'T1', '職籃', '台鋼', '獵鷹', '開幕戰', '狂潮']"
296,[新聞] 魔獸加盟登NBA官網頭條 報導讚是「台灣,"['魔獸', 'NBA', '官網', '頭條', '台灣', '加盟']"
297,[新聞] 魔獸吸引力強 毛加恩更想爭取林書豪林庭謙,"['魔獸', '毛加恩', '想爭', '取林書', '豪林庭謙', '吸引力']"
298,Re: [討論] 高承恩會後悔選秀只報名P+嗎？,"['Re', '高承恩會後悔', '選秀', '報名']"
299,[新聞] 魔獸登機前再度向台灣喊話　霍華德：超,"['魔獸', '登機', '台灣', '霍華德', '再度']"
300,[新聞] Dwight Howard's annual salary in Taiw,"['Dwight', 'Howard', 'annual', 'salary', 'Taiw']"
301,Re: [情報] 12/17特攻對雲豹主場比賽即將完售,"['Re', '12', '17', '特攻', '雲豹', '主場', '比賽', '即將', '完售']"
302,[情報] 桃園永豐雲豹主場 購退票注意事項,"['桃園', '永豐', '雲豹', '主場', '事項', '退票', '注意']"
303,[閒聊] 是不是欠錢姊一個道歉,"['一個', '道歉']"
304,[問題] 為什麼板標還是熱身賽？,"['板標', '還是', '熱身賽']"
305,[討論] 全家Famiport上雲豹的比賽還看不到？,"['Famiport', '雲豹', '比賽還', '全家', '看不到']"
306,[閒聊] P+有機會跟T1舉辦明星賽嗎？,"['機會', 'T1', '舉辦', '明星']"
307,[閒聊] 大家點進去被問說這季誰復出 有答出來嗎,"['點進', '問說', '這季', '有答', '出來', '大家']"
308,[討論] 桃園雲豹主場有買到票的出個聲,"['桃園', '雲豹', '主場', '出個']"
309,[討論] P搞一堆行銷，但真的重要嗎？,"['行銷', '一堆', '重要']"
310,Re: [新聞] 不怕坐不滿、只怕坐不夠 雲豹獲冠名搶攻親子票房,"['Re', '坐不滿', '坐不夠', '雲豹', '搶攻', '親子', '冠名', '票房', '只怕', '不怕']"
311,[閒聊] 雲豹前四場主場售票 完售！？,"['雲豹', '前四場', '主場', '完售', '售票']"
312,[閒聊] 小四真的沒唬爛。,"['小四', '唬爛']"
313,[問題] 請問雲豹球團等等會清票嗎,"['請問', '雲豹', '球團', '會清票', '等等']"
314,[閒聊] 漢堡館除了辦法會還真的可以辦球賽喔,"['漢堡館', '辦法會還', '辦球賽', '除了', '可以']"
315,[討論] 這是台籃史上最狂搶票熱潮嗎？,"['這是', '籃史', '最狂', '搶票', '熱潮']"
316,[新聞] 「魔獸」霍華德太狂！ 雲豹4主場門票秒,"['魔獸', '霍華德太狂', '雲豹', '主場', '門票']"
317,[閒聊] 先搶票再查雲豹對誰,"['搶票', '雲豹', '再查']"
318,[問題] 請問一下KID ZONE,"['請問', 'KID', 'ZONE', '一下']"
319,[討論] 魔獸有機會讓T1收視率破1嗎？,"['魔獸', '機會', 'T1', '收視率']"
320,[閒聊] 可以幫新雲豹迷介紹一下球隊有誰嗎,"['幫新', '雲豹', '迷介紹', '球隊', '一下', '可以']"
321,[討論] T1球迷討論區已經各種黃牛了,"['T1', '討論區', '已經', '各種', '球迷']"
322,[討論] 台籃新觀眾,"['台籃', '觀眾']"
323,[心得] 雲豹主場弄起來超像NBA場館,"['雲豹', '主場', '起來', '超像', 'NBA', '場館']"
324,Re: [討論] 魔獸有機會讓T1收視率破1嗎？,"['Re', '魔獸', '機會', 'T1', '收視率']"
325,[情報] 鋼鐵人新教頭,"['鋼鐵人', '新教']"
326,[新聞] T1》台南獵鷹週六開幕戰門票售罄 宣布「巨型翼龍」阿修羅加,"['T1', '獵鷹', '週六開幕', '戰門票', '翼龍', '阿修羅加', '售罄', '台南', '巨型', '宣布']"
327,[討論] 小蟲威廉斯自幹不傳給魔獸會被噓嗎,"['小蟲', '自幹', '傳給', '魔獸', '威廉斯']"
328,[新聞] 魔獸吸粉 PLG樂見新刺激,"['魔獸', '吸粉', 'PLG', '樂見', '刺激']"
329,Re: [閒聊] 可以幫新雲豹迷介紹一下球隊有誰嗎,"['Re', '幫新', '雲豹', '迷介紹', '球隊', '一下', '可以']"
330,[問題] 有點不甘心但還是想問,"['有點', '還是', '想問', '甘心']"
331,[情報] 國王官宣陳世念離隊,"['國王官', '宣陳世念', '離隊']"
332,[討論] 建議雲豹球團剩下場次漲價,"['建議', '雲豹', '球團', '場次', '漲價', '剩下']"
333,[情報] 雲豹FB 將推出特種S區場邊席,"['雲豹', 'FB', '特種', '區場', '邊席', '推出']"
334,Re: [情報] 雲豹 永豐銀行line 送開幕戰門票,"['Re', '雲豹', '永豐', '銀行', 'line', '開幕', '戰門票']"
335,Re: [討論] 建議雲豹球團剩下場次漲價,"['Re', '建議', '雲豹', '球團', '場次', '漲價', '剩下']"
336,Re: [討論] 行銷真的重要嗎？,"['Re', '行銷', '重要']"
337,[討論] 拜託雲豹下次漲價或實名制售票,"['雲豹', '漲價', '實名制', '售票', '下次']"
338,[討論] 如果魔獸打第一場就身體不適的話,"['魔獸', '場就', '身體', '不適', '第一', '如果']"
339,[新聞] 曝！魔獸經紀人曾報價CBA「只有林書豪一,"['魔獸', '經紀', '報價', 'CBA', '林書豪', '只有']"
340,[心得] 修喊啦！雲豹這算職業的喔？,"['修喊', '雲豹', '這算', '職業']"
341,[新聞] T1》聽到魔獸要來！ 昔SBL最強圖書館員,"['T1', '聽到', '魔獸', '要來', 'SBL', '最強', '圖書館員']"
342,Re: [討論] 拜託雲豹下次漲價或實名制售票,"['Re', '雲豹', '漲價', '實名制', '售票', '下次']"
343,[閒聊]  魔獸搶票之亂,"['魔獸', '搶票', '之亂']"
344,[討論] 雲豹要怎麼解決黃牛問題?,"['雲豹', '解決']"
345,[閒聊] 為何大學比職業球隊還有能力蓋場館？,"['何大學', '職業', '球隊', '蓋場館', '能力']"
346,Re: [閒聊] 可以幫新雲豹迷介紹一下球隊有誰嗎,"['Re', '幫新', '雲豹', '迷介紹', '球隊', '一下', '可以']"
347,Re: [討論] 如果魔獸打第一場就身體不適的話,"['Re', '魔獸', '場就', '身體', '不適', '第一', '如果']"
348,[閒聊] 桃園永豐雲豹例行賽賽程&購票連結,"['桃園', '永豐', '雲豹', '賽賽程', '購票', '連結', '例行']"
349,[問題] 15000票賣光賺多少？,"['15000', '票賣光', '多少']"
350,[討論] 雲豹收支問題,"['雲豹', '收支']"
351,Re: [閒聊] 為什麼今天t1沒公佈進場人數？,"['Re', 't1', '沒公', '進場', '人數', '今天']"
352,[乳模] 鐵板燒師傅去太陽??,"['乳模', '鐵板', '燒師', '傅去', '太陽']"
353,Re: [問題] 15000票賣光賺多少？,"['Re', '15000', '票賣光', '多少']"
354,[討論] PLG跟T1可參考央聯洋聯模式合併成一個聯盟,"['PLG', 'T1', '可參', '考央', '聯洋聯', '成一個', '聯盟', '模式']"
355,[討論] P洋將薪資上限是好是壞,"['洋將', '薪資', '上限']"
356,Re: [討論] P洋將薪資上限是好是壞,"['Re', '洋將', '薪資', '上限']"
357,[討論] 太陽國王交易成真黑人會出來管嗎?,"['太陽國王', '會出', '黑人', '交易']"
358,[情報] 新北國王FB - 夏姆斯 傑梅洛離隊,"['夏姆斯', '新北國王', 'FB', '離隊', '梅洛']"
359,[新聞] 啦啦隊女神游牛奶海 穿少布料「傲人上圍,"['穿少', '上圍', '傲人', '布料', '女神', '牛奶']"
360,Re: [討論] 行銷真的重要嗎？,"['Re', '行銷', '重要']"
361,[討論] 現在還有T1球隊想跳槽p+嗎？,"['現在', 'T1', '球隊', '跳槽']"
362,[討論] 會想看魔獸後撤步投三分嗎,"['會想', '魔獸', '撤步', '三分']"
363,Re: [討論] P洋將薪資上限是好是壞,"['Re', '洋將', '薪資', '上限']"
364,[新聞] 魔獸霍華德今抵台 台灣職籃躍熱搜,"['魔獸', '霍華德今', '抵台', '台灣', '職籃', '躍熱']"
365,[新聞] 新北國王助教陳世念離隊　球團邀他入管,"['新北國王', '世念', '離隊', '球團', '入管', '助教']"
366,[討論] 中信要不要再找一個大洋將扛魔獸？,"['一個', '魔獸', '大洋', '中信', '不要']"
367,[討論] 黑人會想去看魔獸打球嗎？,"['會想', '魔獸', '打球', '黑人']"
368,[心得] 魏嘉豪，暴雨將至,"['魏嘉豪', '將至', '暴雨']"
369,[討論] 雲豹禁區484把其他隊拋投投籃封印？,"['雲豹', '禁區', '484', '拋投', '投籃', '封印', '其他']"
370,[討論] 大家想看魔獸在場上秀出哪招,"['魔獸', '在場', '上秀出', '哪招', '大家']"
371,Re: [討論] 雲豹要怎麼解決黃牛問題?,"['Re', '雲豹', '解決']"
372,[情報] 艾迪FB-Austin Daye將與新北國王簽約,"['艾迪', 'FB', 'Austin', 'Daye', '將與', '新北國王', '簽約']"
373,[新聞] 「魔獸」霍華德加盟雲豹 教練劉嘉發：本,"['魔獸', '霍華德', '雲豹', '教練', '劉嘉發', '加盟']"
374,[討論] T1聯盟現在應該要做些什麼,"['T1', '聯盟現', '應該', '做些']"
375,Re: [討論] 雲豹要怎麼解決黃牛問題?,"['Re', '雲豹', '解決']"
376,[情報] 魔獸從首爾起飛往台北囉！,"['魔獸', '首爾起', '飛往', '台北']"
377,[討論] 如果魔獸被吹出場會暴動嗎,"['魔獸', '出場', '暴動', '如果']"
378,[閒聊] 夢想家影片 EP01 蓄勢待發,"['夢想家', 'EP01', '蓄勢', '待發', '影片']"
379,Re: [討論] 雲豹要怎麼解決黃牛問題?,"['Re', '雲豹', '解決']"
380,Re: [問題] 15000票賣光賺多少？,"['Re', '15000', '票賣光', '多少']"
381,[討論] 魔獸的宰制力真的會大於辛巴嗎？,"['魔獸', '宰制', '會大', '辛巴']"
382,[閒聊] 雲豹海神跟國王鋼鐵人該看哪場？,"['雲豹', '跟國', '王鋼', '鐵人', '哪場', '海神']"
383,[閒聊] 魔獸會上街頭打球嗎？,"['魔獸', '打球', '上街']"
384,[新聞] 魔獸要來了！抵台暫住飯店曝光 球團林口,"['魔獸', '要來', '抵台', '暫住', '飯店', '球團', '林口', '曝光']"
385,[閒聊] 小胡YT-是因為P-LEAGUE+球評，所以不能,"['YT', '因為', 'LEAGUE', '球評', '小胡', '所以', '不能']"
386,[公告] 水桶,['水桶']
387,[討論] 進雲豹主場是否願意並花多少買球隊週邊？,"['雲豹', '主場', '願意', '並花', '買球隊', '週邊', '多少', '是否']"
388,Re: [討論] 行銷真的重要嗎？,"['Re', '行銷', '重要']"
389,[問題] 請問桃園雲豹給複數年合約 可行嗎?,"['請問', '桃園', '雲豹', '數年', '合約', '可行']"
390,[情報] 魔獸來台直播,"['魔獸', '來台', '直播']"
391,[新聞] 魔獸即將抵台 雲豹總教練劉嘉發電話接到手軟,"['魔獸', '即將', '抵台', '雲豹', '總教練', '劉嘉發', '電話', '手軟', '接到']"
392,[閒聊] 等等如果是黑人跟魔獸一起走出來,"['魔獸', '黑人', '走出', '等等', '一起', '如果']"
393,Re: [乳模] 鐵板燒師傅去太陽??,"['Re', '乳模', '鐵板', '燒師', '傅去', '太陽']"
394,[閒聊] 拿到簽名的是不是超爽,"['超爽', '簽名', '拿到']"
395,[新聞] 霍華德抵台震撼籃壇 會長錢薇娟振奮：讓,"['霍華德', '抵台', '籃壇', '會長', '錢薇娟', '振奮', '震撼']"
396,[新聞] T1》魔獸來了！NBA巨星霍華德晚間搭機抵台,"['T1', '魔獸', 'NBA', '霍華德', '晚間', '搭機', '抵台', '巨星']"
397,[討論] 萬一魔獸來台灣被電爆大家會失望嗎？,"['萬一', '魔獸', '台灣', '電爆', '失望', '大家']"
398,[閒聊] 這麼親民的魔獸 真的是超級大行銷,"['這麼', '親民', '魔獸', '超級', '大行銷']"
399,[新聞] 近500位粉絲熱情接機　霍華德興奮喊：我是超人！,"['500', '位粉', '絲熱情', '接機', '霍華德', '興奮', '超人']"
400,[新聞] 效法T1給大咖洋將開特例?毛總籲要從長遠看,"['T1', '給大', '咖洋', '將開', '毛總籲', '特例', '效法']"
401,[閒聊] 難怪我覺得雲豹DD很眼熟,"['難怪', '覺得', '雲豹', 'DD', '眼熟']"
402,[討論] 現在魔獸流量太美好，不安定因素很恐怖吧,"['現在', '魔獸', '安定', '恐怖', '美好', '流量', '因素']"
403,[閒聊] 台灣籃壇是不是在亞洲可以擠進前三了,"['台灣', '籃壇', '亞洲', '進前', '可以']"
404,[討論] T1會不會像當初的TML,"['T1', '會不會', '當初', 'TML']"
405,[閒聊] 真的為了職籃好為啥都不提啊,['職籃']
406,[新聞] 「一定會來!」甜瓜爆加盟台籃 籃壇重量人,"['會來', '台籃', '籃壇', '甜瓜', '加盟', '重量', '一定']"
407,[新聞] 身為台灣職籃的「曼尼」Howard能給T1帶來,"['身為', '台灣', '職籃', '曼尼', 'Howard', '能給', 'T1', '帶來']"
408,[新聞] 幾乎送上整間公司股本 桃園雲豹為何簽下,"['幾乎', '整間', '桃園', '雲豹', '為何', '簽下', '股本', '公司']"
409,[情報]  魔 獸 降 臨,[]
410,[新聞] 魔獸魅力無法擋！　蘇翊傑考慮調整票價,"['魔獸', '無法', '蘇翊傑', '考慮', '調整', '票價', '魅力']"
411,[新聞] 魔獸魅力破台籃最狂紀錄 雲豹開幕戰推估,"['推估', '魔獸', '破台', '狂紀錄', '雲豹', '開幕戰', '魅力']"
412,[新聞] UBA／劉丞勳、徐宏瑋發願 健行前往舊鞋,"['健行', 'UBA', '劉丞勳', '徐宏瑋', '發願', '舊鞋', '前往']"
413,[情報] 錢薇娟FB - 爆炸性消息,"['錢薇娟', 'FB', '爆炸性', '消息']"
414,[討論] 甜瓜真的適合來台灣打球嗎,"['適合來', '台灣', '打球', '甜瓜']"
415,[閒聊] 為什麼魔獸不去日韓？,"['魔獸', '日韓', '不去']"
416,[閒聊] 為什麼叫魔獸不是超人,"['魔獸', '超人']"
417,[情報] 陳建州FB：一步一腳印，穩扎穩打,"['FB', '一腳', '穩扎', '穩打', '建州', '一步']"
418,[討論] 現在FIBA如果插手P頂得住嗎,"['現在', 'FIBA', '頂得', '插手', '如果']"
419,[閒聊] 台籃空窗十年是不是真的很可惜？,"['台籃', '空窗', '可惜', '十年']"
420,Re: [閒聊] 拿到簽名的是不是超爽,"['超爽', 'Re', '簽名', '拿到']"
421,[分享] 魔獸剛剛發IG  一堆名人按讚,"['魔獸', '剛剛', 'IG', '名人', '一堆', '分享']"
422,[新聞] 抵台隔天將投入練球 蘇翊傑讚哈沃德很積,"['抵台', '練球', '蘇翊', '隔天', '投入']"
423,[閒聊] 魔獸看到台灣的球場會嚇到嗎？,"['魔獸', '台灣', '球場', '嚇到']"
424,[討論] T1從分一杯羹到真香，板上PLG粉不堅固吧,"['T1', '板上', 'PLG', '堅固', '分一杯羹', '真香']"
425,[討論]  花20萬 行銷全世界，這行銷打幾分？,"['20', '行銷', '這行銷', '幾分', '全世界']"
426,Re: [情報] 陳建州FB：一步一腳印，穩扎穩打,"['Re', 'FB', '一腳', '穩扎', '穩打', '建州', '一步']"
427,[討論] 魔獸來台打球是好事.but……,"['魔獸', '來台', 'but', '打球', '好事']"
428,[討論] 虎撲高度關注魔獸和台灣的啦啦隊(討論串),"['關注', '魔獸', '台灣', '高度']"
429,[新聞] 上海、廣東都接洽「魔獸」！傳因價碼、,"['廣東', '魔獸', '傳因', '價碼', '接洽', '上海']"
430,[討論] 跨聯盟明星賽,"['跨聯盟', '明星']"
431,[新聞] 魔獸來了！ NBA巨星霍華德搭機抵台,"['魔獸', 'NBA', '霍華德', '搭機', '抵台', '巨星']"
432,[新聞] 哈沃德吸票  如曼尼旋風重現,"['哈沃德', '吸票', '如曼尼旋風', '重現']"
433,[新聞] 魔獸下榻四星級飯店！僅帶4人隨行　傳,"['魔獸', '飯店', '僅帶', '隨行', '四星', '下榻']"
434,[新聞] 魔獸在台年薪破百萬美元 韓媒大嘆：搶不到,"['破百', '魔獸', '韓媒大嘆', '年薪', '不到', '美元']"
435,[閒聊] 目前T1洋將誰扛的住魔獸,"['T1', '洋將', '魔獸', '目前']"
436,[閒聊] 魔獸在台灣第1天！早餐曝光「吃一盤水果,"['魔獸', '台灣', '一盤', '早餐', '曝光', '水果']"
437,[問題] 雲豹跟特攻看誰,"['雲豹', '特攻']"
438,[新聞] 大批球迷熱情接機！「魔獸」霍華德來台,"['熱情', '接機', '魔獸', '霍華德來', '球迷', '大批']"
439,[新聞] T1》羨慕魔獸加盟台灣職籃 日本球迷：我,"['T1', '羨慕', '魔獸', '台灣', '職籃', '球迷', '加盟', '日本']"
440,[閒聊] 魔獸這操作超賺的,"['魔獸', '操作']"
441,[新聞] 甜瓜下一站台灣？籃壇大老曝「一定會來」,"['籃壇', '會來', '甜瓜', '站台', '一定']"
442,[閒聊] 其實魔獸還是很有機會去看P的比賽吧?,"['其實', '魔獸', '還是', '機會', '比賽']"
443,[新聞] 魔獸來台原因！打籃球還是比打摔角好,"['魔獸', '來台', '打籃球', '還是', '摔角', '原因']"
444,[情報] D.Howard開始練球,"['D.Howard', '開始', '練球']"
445,Re: [討論] T1各主場設備要開始健檢了,"['Re', 'T1', '主場', '設備', '開始', '健檢']"
446,[新聞] 魔獸穿黑背心秀肌肉了！加盟T1桃園雲豹,"['魔獸', 'T1', '桃園', '雲豹', '背心', '加盟', '肌肉']"
447,[討論] PLG 門票是不是該降價了?,"['PLG', '門票', '降價']"
448,[新聞] 有空聽嗎？攻城獅推出年度主題曲 高國豪,"['攻城獅', '主題', '高國豪', '有空', '年度', '推出']"
449,[問題] DH魔獸在台灣休假時會做什麼消遣,"['DH', '魔獸', '台灣', '時會', '休假', '消遣']"
450,[情報]  齊來卡app 海神活動,"['齊來', 'app', '活動', '海神']"
451,[問題] 請益一下 T1有哪些本土球員值得關注,"['請益', 'T1', '球員', '關注', '本土', '哪些', '值得', '一下']"
452,[新聞] 三分好準！最敬業的大咖洋將「魔獸」霍,"['好準', '最敬業', '咖洋將', '魔獸', '三分']"
453,[情報] 訂豹UDRIVE 租車 桃園雲豹球票免費送,"['球票', '訂豹', 'UDRIVE', '租車', '桃園', '雲豹', '免費']"
454,[問題] 現在能自費去雲豹當練習生嗎,"['現在', '自費', '雲豹', '當練', '習生']"
455,Re: [情報] D.Howard開始練球,"['Re', 'D.Howard', '開始', '練球']"
456,[新聞] 霍華德馬上投入訓練！　蘇翊傑感受積極度,"['霍華德馬', '訓練', '蘇翊傑', '積極度', '感受', '投入']"
457,[情報] 桃園雲豹FB–昨日魔獸抵台 大批粉絲接機,"['桃園', '雲豹', 'FB', '魔獸', '抵台', '粉絲', '接機', '大批', '昨日']"
458,[討論] 邰哥是雲豹Jameer Nelson嗎,"['邰哥', '雲豹', 'Jameer', 'Nelson']"
459,[問題] 魔獸知道自己叫魔獸嗎,"['魔獸', '知道', '自己']"
460,[討論] 魔獸會不會覺得台灣場地很爛,"['魔獸', '會不會', '覺得', '台灣場', '很爛']"
461,[討論] 蘇翊傑算勉強有資格和魔獸搭配嗎?,"['蘇翊傑算', '勉強', '資格', '魔獸', '搭配']"
462,[閒聊] 鋼鐵人影片EP.1浴血頑強抵抗直至分出勝負,"['鋼鐵人', 'EP.1', '頑強', '勝負', '浴血', '分出', '影片', '抵抗', '直至']"
463,[新聞] 魔獸首練結束親民飛吻燦笑　道別粉絲：要變,"['魔獸', '首練', '結束', '親民飛', '燦笑', '道別', '粉絲', '要變']"
464,[情報] 臺中太陽FB 艾德華離隊,"['中太陽', 'FB', '艾德華', '離隊']"
465,[閒聊] 團隊配合的魔獸還是一枝獨秀?,"['團隊', '魔獸', '還是', '獨秀', '一枝', '配合']"
466,[問題] 誰練習三分比魔獸準,"['練習', '魔獸', '三分']"
467,[閒聊] 中信跟富邦簽得動甜瓜嗎？,"['富邦', '簽得動', '甜瓜', '中信']"
468,[閒聊] 魔獸會吃臭豆腐嗎,"['魔獸', '臭豆腐']"
469,[討論] 魔獸進攻籃板場均至少30顆吧？,"['魔獸', '進攻', '籃板場', '30', '顆吧', '至少']"
470,Re: [情報] 桃園永豐雲豹主場 購退票注意事項,"['Re', '桃園', '永豐', '雲豹', '主場', '事項', '退票', '注意']"
471,[新聞] 「魔獸」入住高樓層房型僅4間 200x200公,"['魔獸', '高樓', '200x200', '房型', '入住']"
472,[專欄] 從能單換LeBron到落選75大球星！Dwight,"['從能', '單換', 'LeBron', '落選', '75', 'Dwight', '球星']"
473,[新聞] 修繕職業等級球場　蔡適應爭取職業隊冠名,"['修繕', '職業', '等級', '球場', '蔡適', '應爭取', '職業隊', '冠名']"
474,[閒聊] 魔獸團練完會懷念老隊友嗎,"['魔獸', '團練', '完會', '懷念', '老隊友']"
475,[討論] 前特攻主持黃丹尼VS現任大飛，都幾！,"['前特攻', 'VS', '現任', '大飛', '丹尼', '主持']"
476,Re: [討論] 甜瓜真的適合來台灣打球嗎,"['Re', '適合來', '台灣', '打球', '甜瓜']"
477,[新聞] 信仰專訪》孫韻筌鍛鍊南湖女籃團隊文化,"['專訪', '孫韻筌', '女籃', '團隊', '南湖', '信仰', '文化']"
478,[新聞] 「魔獸」來襲！雲豹主場有人開3萬求票,"['魔獸', '來襲', '雲豹', '主場', '萬求票', '有人']"
479,[閒聊] 愛爾達是不是魔獸來台最大贏家?,"['愛爾達', '魔獸', '來台', '贏家', '最大']"
480,[新聞] 面對DPOY級的「魔獸」　蔣淯安：可能要,"['面對', 'DPOY', '魔獸']"
481,[新聞] 澳洲友人關心「魔獸」　海神主帥：令人,"['關心', '魔獸', '主帥', '海神', '友人', '澳洲', '令人']"
482,[新聞] 外傳「魔獸」定居林口 侯友宜力邀至新北,"['外傳', '魔獸', '侯友', '宜力', '邀至', '新北', '林口', '定居']"
483,[問題] 領航猿的第三洋將有消息了嗎,"['領航', '洋將', '第三', '消息']"
484,[討論] 戴維斯扛得住魔獸嗎？,"['扛得住', '戴維斯', '魔獸']"
485,[新聞] T1魔獸霍華德抵台 蔣淯安爆料隊友逗趣反應,"['T1', '魔獸', '霍華德', '抵台', '隊友', '反應', '逗趣', '爆料']"
486,[閒聊] 魔獸會跟台灣Youtuber合作拍片嗎？,"['魔獸', '台灣', 'Youtuber', '拍片', '合作']"
487,[閒聊] 錢韋成：真的沒有搶布朗,"['韋成', '沒有', '布朗']"
488,Re: [討論] 前特攻主持黃丹尼VS現任大飛，都幾！,"['Re', '前特攻', 'VS', '現任', '大飛', '丹尼', '主持']"
489,[新聞] 海神隊教練曾帶隊跟霍華德過招 連澳洲人,"['隊教練', '帶隊', '霍華德過', '澳洲人', '海神']"
490,[新聞] 超舒適！魔獸下榻25坪套房曝光　但「這」,"['超舒適', '魔獸', '25', '下榻', '套房', '曝光']"
491,[閒聊] P+LEAGUE+ FB,"['LEAGUE', 'FB']"
492,[專欄] T1發功，魔獸強襲來台，PLG如何應對？,"['T1', '發功', '魔獸', '強襲', 'PLG', '應對', '如何']"
493,[問題] 魔獸首秀線上轉播數能超過PLG冠軍賽嗎,"['魔獸', '首秀線', '轉播', '數能', '超過', 'PLG', '冠軍賽']"
494,[情報] 宋佩欣 & Kirk 加入本季P+英文轉播團隊,"['宋佩欣', 'Kirk', '轉播', '團隊', '本季', '英文', '加入']"
495,[閒聊] 雲豹球團有幫魔獸準備蛋白質嗎?,"['雲豹', '球團', '魔獸', '準備', '蛋白']"
496,Re: [閒聊] P+LEAGUE+ FB,"['Re', 'LEAGUE', 'FB']"
497,[閒聊] 魔獸來台一直在他旁邊的外國美女是誰?,"['魔獸', '來台', '旁邊', '外國', '美女', '一直']"
498,[Live] 世預賽 中國 vs 伊朗 21:30,"['Live', '預賽', '中國', 'vs', '21', '30', '伊朗']"
499,[問題] 西門來台灣敢投三分球嗎？,"['三分球', '西門來', '台灣敢']"
500,[討論] 魔獸會不會使用後撤步？,"['魔獸', '會不會', '撤步', '使用']"
501,[live] FIBA 3x3 WT Riyadh 2022(彰化晉級),"['live', 'FIBA', '3x3', 'WT', 'Riyadh', '2022', '晉級', '彰化']"
502,[閒聊] P+該怎麼合併才能加入T1？,"['T1', '加入', '才能']"
503,[新聞] 首次練球沒架子　霍華德中文喊：我愛你,"['練球', '霍華德', '架子', '中文', '首次']"
504,[情報] 桃園永豐雲豹IG Dwight Howard首次訓練,"['桃園', '永豐', '雲豹', 'IG', 'Dwight', 'Howard', '訓練', '首次']"
505,[問題] 魔獸和賀夫誰比較高？,"['魔獸', '賀夫']"
506,[心得] 台灣籃球一直以來的瓶頸,"['台灣', '籃球', '以來', '一直']"
507,[閒聊] Dwight Howard 的中文名字,"['Dwight', 'Howard', '中文', '名字']"
508,Re: [心得] 台灣籃球一直以來的瓶頸,"['Re', '台灣', '籃球', '以來', '一直']"
509,[閒聊] 鋼鐵人｜柏智奮力救球後下場第一反應,"['鋼鐵人', '柏智奮力', '救球', '下場', '反應', '第一']"
510,[新聞] 中國球迷還在意淫！「霍華德抵達中國台灣,"['中國', '還在', '霍華德', '抵達', '台灣', '意淫', '球迷']"
511,[新聞] 魔獸魅力擋不住！黃牛票價翻20倍　蘇貞,"['魔獸', '牛票', '價翻', '20', '蘇貞', '魅力', '不住']"
512,[討論] T1六隊現在實力都很難預測吧,"['T1', '六隊', '現在', '實力', '預測']"
513,[閒聊] 鄭瑋敢叫D.Howard上來擋一個嗎？,"['鄭瑋敢', 'D.Howard', '上來', '一個']"
514,[情報] 波波錢包活動 抽雲豹11/20門票,"['錢包', '活動', '雲豹', '11', '20', '門票', '波波']"
515,[新聞] 她幫弟弟搶魔獸門票差一步結帳卻被2字難倒,"['魔獸', '門票', '結帳', '字難', '弟弟', '一步']"
516,[討論] 台啤太陽雲豹團隊哪個比較像魔球？,"['啤太陽', '雲豹', '團隊', '哪個', '魔球']"
517,[情報] 愛爾達體育家族 FB,"['愛爾達', '體育', 'FB', '家族']"
518,[公告] 水桶,['水桶']
519,[討論] 為什麼台籃啦啦隊討論熱度不比中職啦啦隊,"['台籃', '熱度', '中職']"
520,[新聞] 【獨家】雲豹球團自費整修休息室！11/14起,"['獨家', '雲豹', '球團', '自費', '11', '14', '休息室', '整修']"
521,[新聞] 周伯勳力扛魔獸拚了　重量訓練猛操展決,"['周伯勳力', '魔獸', '訓練', '操展決', '重量']"
522,[新聞] 魔獸打T1「數據炸裂」？　聯盟MVP蔣淯,"['魔獸', 'T1', '數據', '聯盟', 'MVP', '炸裂']"
523,[新聞] 會對魔獸做「晚安」手勢？蔣淯安透露使,"['魔獸', '手勢', '晚安', '透露']"
524,Re: [心得] 台灣籃球一直以來的瓶頸,"['Re', '台灣', '籃球', '以來', '一直']"
525,[新聞] 魔獸首戰場館「漏水又破舊」！館長點名,"['魔獸', '首戰場', '破舊', '館長', '點名', '漏水']"
526,[閒聊] 贈票 11/13台啤vs太陽,"['贈票', '11', '13', 'vs', '太陽']"
527,Re: [新聞] 【獨家】雲豹球團自費整修休息室！11,"['Re', '獨家', '雲豹', '球團', '自費', '11', '休息室', '整修']"
528,"[新聞] 霍華德來台恐掀連鎖效應 中媒:林書豪,甜瓜","['霍華德來', '台恐', '掀連鎖', '效應', '中媒', '林書豪', '甜瓜']"
529,[情報] T1LEAGUE IG: Game5 #登錄名單,"['T1', 'LEAGUE', 'IG', 'Game5', '登錄', '名單']"
530,[專欄] 魔獸效應能多久？曼尼旋風持續不到3個月,"['魔獸', '效應', '曼尼旋', '風持續', '多久', '不到']"
531,[閒聊] P+只剩甜瓜 可以救他了,"['甜瓜', '可以']"
532,[Live] 永豐雲豹 - Dwight Howard 加盟記者會,"['Live', '永豐', '雲豹', 'Dwight', 'Howard', '記者', '加盟']"
533,[新聞] 館長批魔獸首秀場館「老舊又漏水」　桃園雲豹回應了,"['館長', '魔獸', '首秀場', '老舊', '桃園', '雲豹', '回應', '漏水']"
534,[討論] 魔獸到來會讓國王跟鋼鐵人更好談判嗎？,"['魔獸', '國王', '鋼鐵人', '談判', '更好']"
535,[新聞] 中日韓搶魔失敗 球迷嘆沒錢沒魅力,"['韓搶', '失敗', '球迷', '中日', '魅力']"
536,[情報] 雲豹ig-魔獸週邊搶先看,"['雲豹', 'ig', '魔獸', '週邊']"
537,[Live] 14:00    新北中信特攻 VS 臺南台鋼獵鷹,"['Live', '14', '00', '新北', '特攻', 'VS', '鋼獵', '南台', '中信']"
538,[Live] PLG 14:30 鋼鐵人vs夢想家,"['Live', 'PLG', '14', '30', '鋼鐵人', 'vs', '夢想家']"
539,[問題] 台籃生態是不是朝向網羅NBA邊緣的球員,"['台籃', '生態', '網羅', 'NBA', '邊緣', '球員', '朝向']"
540,[討論] 霍華德可以報金鐘新人獎嗎,"['霍華德', '報金鐘', '獎嗎', '新人', '可以']"
541,[討論] Davon Reed跟魔獸現階段誰比較強？,"['Davon', 'Reed', '魔獸', '現階段', '較強']"
542,[討論] 雲豹怎麼突然變行銷教科書了？,"['教科', '雲豹', '變行銷', '突然']"
543,[閒聊] 誰說Pleague 輸了？,['Pleague']
544,[討論] 如果魔獸確診會黑掉嗎,"['魔獸', '確診會', '黑掉', '如果']"
545,[討論] 魔獸記者會的內容讓好感度又提升不少,"['好感度', '魔獸', '記者', '內容', '提升', '不少']"
546,[閒聊] 台籃迷是不是不識貨??,"['台籃迷', '不識貨']"
547,[閒聊] 書豪慢了,['書豪慢']
548,[新聞] 快訊／借雲豹當主場卻被嫌　國體大迎魔,"['大迎', '快訊', '雲豹', '主場', '國體']"
549,[討論]  小四 4不4 台灣看最遠的神GM?,"['小四', '台灣', '最遠', 'GM']"
550,[心得] 台灣球員的進場穿搭,"['台灣', '球員', '進場']"
551,[閒聊] 林韋翰怒瞪谷毛唯嘉,"['林韋翰', '怒瞪谷', '毛唯嘉']"
552,[情報]  永豐雲豹 IG,"['永豐', '雲豹', 'IG']"
553,[Live] PLG 17:00 領航猿vs國王,"['Live', 'PLG', '17', '00', '領航猿', 'vs', '國王']"
554,[Live] 16:30    高雄全家海神 VS 台啤英熊,"['Live', '16', '30', 'VS', '啤英熊', '海神', '高雄', '全家']"
555,[閒聊] 雲豹球衣 請求永豐銀行logo弄小…,"['雲豹', '球衣', '請求', '永豐', '銀行', 'logo']"
556,[閒聊] P+這種比賽內容花錢看得下去？,"['這種', '比賽', '內容花', '下去']"
557,[討論] 激動退去 下對一步棋的T1挑戰才剛開始,"['激動', 'T1', '挑戰', '剛開始', '一步棋', '退去']"
558,[心得] 這樣才有主客場的氛圍也能製造火花吧,"['這樣', '場的', '氛圍', '主客', '火花']"
559,Re: [討論]  小四 4不4 台灣看最遠的神GM?,"['小四', 'Re', '台灣', '最遠', 'GM']"
560,[新聞] 「魔獸旋風」效應　台啤英熊收到前NBA球,"['魔獸', '旋風', '效應', '啤英熊', 'NBA', '收到']"
561,[討論] 波悍能跟馬龍誰比較雷？,"['波悍', '較雷']"
562,[BOX ] 22-23 PLG 鋼鐵人 76:84 夢想家,"['BOX', '22', '23', 'PLG', '鋼鐵人', '76', '84', '夢想家']"
563,[BOX ] T1例行賽 - 特攻 107:104 獵鷹,"['BOX', 'T1', '特攻', '107', '104', '獵鷹', '例行']"
564,[討論] 國內聯賽罰球爛要用什麼理由解釋,"['國內', '聯賽', '罰球爛', '解釋', '理由']"
565,Re: [新聞] 館長批魔獸首秀場館「老舊又漏水」　桃園雲豹回應了,"['Re', '館長', '魔獸', '首秀場', '老舊', '桃園', '雲豹', '回應', '漏水']"
566,[閒聊] 接下來雲豹戰術都會圍繞魔獸嗎,"['雲豹', '戰術', '圍繞', '魔獸', '接下']"
567,[新聞] 直言魔獸效應超乎預期 蘇翊傑忙到復出恐,"['魔獸', '效應', '預期', '蘇翊傑', '出恐', '超乎', '直言']"
568,[討論] 劉嘉發敢罵Howard嗎?,"['劉嘉發', 'Howard']"
569,[情報] 今日T1進場人數,"['T1', '進場', '人數', '今日']"
570,[BOX ] T1例行賽 - 海神 111:101 英熊,"['BOX', 'T1', '111', '101', '英熊', '海神', '例行']"
571,[新聞] 霍華德來台後吃過鹹酥雞 台灣小,"['霍華德來', '台後吃過', '台灣']"
572,[BOX ] 22-23 PLG 領航猿 91:104 國王,"['BOX', '22', '23', 'PLG', '領航猿', '91', '104', '國王']"
573,[討論] 魔獸看完今天T1比賽後再想什麼？,"['魔獸', 'T1', '比賽', '今天']"
574,[情報] 今日 盧峻翔,"['盧峻翔', '今日']"
575,[情報] 今日PLG進場人數,"['PLG', '進場', '人數', '今日']"
576,[討論] pleague最佳新秀是不是要難產了,"['pleague', '難產', '新秀', '最佳']"
577,[新聞] 不是來玩的！　霍華德要幫雲豹拿冠軍,"['霍華德要', '雲豹', '拿冠']"
578,[新聞] 不只要為雲豹拿T1冠軍！霍華德承諾,"['雲豹', 'T1', '霍華德承諾', '只要']"
579,[閒聊] 今日本土得分上雙,"['上雙', '得分', '本土', '今日']"
580,[討論] 今日吹判尺度,"['吹判', '尺度', '今日']"
581,[討論] 陳信安找洋將的效率是不是很差啊...,"['信安', '找洋將', '...', '很差', '效率']"
582,[新聞] 快訊／迎霍華德來台首秀 再次會勘國體大,"['快訊', '霍華德來', '台首秀', '勘國體', '再次']"
583,[問題] 哪家媒體最早爆料魔獸會來啊,"['媒體', '魔獸', '會來', '爆料', '哪家', '最早']"
584,[閒聊] 11/19 林口體大 周邊活動,"['11', '19', '體大', '周邊', '活動', '林口']"
585,Re: [閒聊] 領航猿正在持續中的不名譽紀錄,"['Re', '領航猿', '持續', '名譽', '紀錄', '正在']"
586,[閒聊] 明年應該算選秀超小年吧??,"['應該', '選秀', '超小年', '明年']"
587,[新聞] 魔獸健身房合影「火辣女粉」引瘋傳！本尊,"['魔獸', '女粉', '引瘋傳', '本尊', '火辣', '健身房', '合影']"
588,[新聞] 領航猿首秀輸球　桑尼保證會越來越好,"['領航猿', '首秀輸球', '桑尼保', '證會', '越來']"
589,[新聞] PLG狀元張鎮衙首秀全掛蛋　領航猿教頭：只是第一場,"['PLG', '狀元', '張鎮', '衙首秀', '全掛', '領航猿', '教頭', '第一', '只是']"
590,[心得] 11.12 台啤英熊開幕戰,"['11.12', '啤英熊', '開幕戰']"
591,[心得] 新北國王VS領航猿進場心得11/12,"['新北國王', 'VS', '領航猿', '進場', '11', '12']"
592,Re: [閒聊] 明年應該算選秀超小年吧??,"['Re', '應該', '選秀', '超小年', '明年']"
593,[討論] 領航猿可以不要第四節才發力好嗎？,"['領航猿', '節才', '發力', '第四', '不要', '可以']"
594,[新聞] 霍華德：「為來台打球連狗都哭給我看」,"['霍華德', '連狗', '哭給', '打球']"
595,[新聞] MVP榮耀周旗開得勝 國王三分猛轟領航猿,"['MVP', '榮耀', '周旗', '開得勝', '國王', '猛轟領', '航猿', '三分']"
596,[情報] 2008年的今天，魔獸生涯唯一一次大三元,"['大三元', '2008', '魔獸', '生涯', '唯一', '今天', '一次']"
597,Re: [新聞] PLG狀元張鎮衙首秀全掛蛋　領航猿教頭：只是第一場,"['Re', 'PLG', '狀元', '張鎮', '衙首秀', '全掛', '領航猿', '教頭', '第一', '只是']"
598,[閒聊] 劉錚如果跟陳盈駿回來是不是就完美了?T1,"['劉錚', '盈駿', '回來', 'T1', '完美', '如果']"
599,[公告] 水桶,['水桶']
600,[討論] 大家會期待魔獸所說的陰陽合體嗎？,"['魔獸', '陰陽合體', '期待', '大家']"
601,[新聞] 魔獸收大禮好開心！禮物竟出自17歲「最美,"['魔獸', '收大禮', '開心', '禮物', '17', '最美', '出自']"
602,[討論] 魔獸扛的住德古拉嗎?,"['古拉', '魔獸']"
603,[新聞] 魔獸帶來的改變！體育署幫國體大場館升級,"['魔獸', '帶來', '改變', '體育署', '幫國體', '大場館', '升級']"
604,Re: [閒聊] 11/19 林口體大 周邊活動,"['Re', '11', '19', '體大', '周邊', '活動', '林口']"
605,[新聞] 魔獸IG發文貼國旗 張建偉:讓世界看到台灣,"['魔獸', 'IG', '發文貼', '國旗', '張建偉', '台灣', '世界']"
606,[討論] 張鎮衙最大問題還是在uba待太久,"['張鎮', '還是', 'uba', '太久', '最大']"
607,[心得] 台鋼獵鷹開幕主場,"['台鋼', '獵鷹', '開幕', '主場']"
608,[新聞] 要給霍華德最好的！　國體大與雲豹達成,"['要給', '霍華德', '國體', '雲豹', '達成', '最好']"
609,[新聞] 認識霍華德家人 台灣男籃前教頭帕克想,"['認識', '霍華德', '台灣', '男籃前', '教頭', '帕克想', '家人']"
610,[新聞] 有認識的球員打過PLG！ 霍華德：讓我知,"['認識', '球員', '打過', 'PLG', '霍華德']"
611,Re: [討論] 陳信安找洋將的效率是不是很差啊...,"['Re', '信安', '找洋將', '...', '很差', '效率']"
612,Re: [討論] 陳信安找洋將的效率是不是很差啊...,"['Re', '信安', '找洋將', '...', '很差', '效率']"
613,[新聞] T1聯盟》針對館長批評場館老舊又漏水 國,"['T1', '聯盟', '針對館', '評場館', '老舊', '漏水']"
614,Re: [閒聊] 雲豹球衣 請求永豐銀行logo弄小…,"['Re', '雲豹', '球衣', '請求', '永豐', '銀行', 'logo']"
615,[討論] Dwight Howard加盟台籃 親點譯名霍華德,"['Dwight', 'Howard', '台籃', '親點', '譯名', '霍華德', '加盟']"
616,[問題] 台灣cp3林韋翰是要選理事長嗎？,"['台灣', 'cp3', '林韋翰', '理事']"
617,[新聞] 履行對台灣的承諾！你怎能不愛魔獸,"['台灣', '承諾', '魔獸', '怎能不', '履行']"
618,[討論] 下一場鉑伊總該上場了吧？,"['下一場', '伊總該', '上場']"
619,[閒聊] 喬治亞KD馬建豪有機會回台發展嗎??,"['回台', '喬治亞', 'KD', '建豪', '機會', '發展']"
620,[新聞] 期待對決魔獸 吳岱豪想像過爆扣畫面,"['對決', '魔獸', '吳岱豪', '過爆扣', '畫面', '想像', '期待']"
621,[情報] 安東尼真的要來台灣？台鋼獵鷹證實：積,"['安東尼', '要來', '台灣', '台鋼', '獵鷹', '證實']"
622,[討論] 台南除了成大沒有職業等級的籃球場館嗎,"['沒有', '職業', '等級', '籃球', '場館', '成大', '台南', '除了']"
623,[Live] 14:00    桃園永豐雲豹 VS 臺南台鋼獵鷹,"['Live', '14', '00', '桃園', '永豐', '雲豹', 'VS', '鋼獵', '南台']"
624,[Live] PLG 14:30 勇士vs夢想家,"['Live', 'PLG', '14', '30', 'vs', '夢想家', '勇士']"
625,[新聞] 魔獸年薪破9千萬！雲豹資本僅7千萬 「背,"['千萬', '魔獸', '雲豹', '資本僅', '年薪']"
626,Re: [情報] 安東尼真的要來台灣？台鋼獵鷹證實：積,"['Re', '安東尼', '要來', '台灣', '台鋼', '獵鷹', '證實']"
627,Re: [討論] 台南除了成大沒有職業等級的籃球場館嗎,"['Re', '沒有', '職業', '等級', '籃球', '場館', '成大', '台南', '除了']"
628,[閒聊] 今年海神的連霸之路很不穩,"['連霸', '不穩', '海神', '之路', '今年']"
629,[閒聊] 魔獸為什麼不像小蟲那樣專精籃板?,"['魔獸', '小蟲', '那樣', '專精', '籃板']"
630,[討論] 台鋼又髒啦,['台鋼']
631,[討論] 吳岱豪敢埋魔獸地雷嗎？,"['吳岱', '豪敢', '魔獸', '地雷']"
632,Re: [閒聊] 今年海神的連霸之路很不穩,"['Re', '連霸', '不穩', '海神', '之路', '今年']"
633,[閒聊] 台鋼是不是該找周資華來打球,"['台鋼', '周資華來', '打球']"
634,[討論] 台鋼484想複製90年代壞孩子活塞軍團!?,"['台鋼', '484', '90', '軍團', '活塞', '孩子', '年代']"
635,[閒聊] 魔獸下週會不會被裁判搞到不會打球？,"['不會', '魔獸', '週會', '打球', '裁判']"
636,[閒聊] 台鋼主場的籃框...,"['台鋼', '主場', '籃框', '...']"
637,[討論] P裁判是吹夠沒？,"['吹夠', '裁判']"
638,[閒聊] 辛特力+強森還有更強的組合嗎？,"['特力', '強森', '更強', '組合']"
639,[討論] 今天台南裁判是在？,"['台南', '裁判', '今天']"
640,[討論] 四神在想什麼,['四神']
641,[Live] 16:30      臺中太陽 VS 台啤英熊,"['Live', '16', '30', '中太陽', 'VS', '啤英熊']"
642,[閒聊] 季初不是很多人看好夢想家嗎?,"['季初', '夢想家', '看好', '很多']"
643,[Live] PLG 17:00 攻城獅vs國王,"['Live', 'PLG', '17', '00', '攻城獅', 'vs', '國王']"
644,[閒聊] 阿吉在場上可以幹嘛？,"['阿吉在場', '幹嘛', '可以']"
645,[討論] 扭蛋其實情緒控管不錯吧？,"['控管', '扭蛋', '其實', '情緒', '不錯']"
646,[新聞] 還有NBA球星要來！　T1台中太陽證實已給,"['NBA', '要來', 'T1', '太陽', '證實', '已給', '球星', '台中']"
647,[討論] 為什麼都是T1在挖NBA，PLG都沒啥動作？,"['T1', 'NBA', 'PLG', '動作']"
648,[討論] T1這樣燒錢 是好事嗎？,"['T1', '這樣', '燒錢', '好事']"
649,[閒聊] 富邦陣容怎麼擺都像先發,"['富邦', '陣容', '先發']"
650,[BOX ] 22-23 PLG 勇士 108:75 夢想家,"['BOX', '22', '23', 'PLG', '108', '75', '夢想家', '勇士']"
651,[新聞] 霍華德拍攝宣傳照也有戲！不忘看轉播幫,"['霍華德', '拍攝', '宣傳照', '有戲', '轉播']"
652,[新聞]魔獸還沒亮相!雲豹隊友對獵鷹球員出拐被趕,"['魔獸', '還沒', '雲豹', '隊友', '獵鷹', '球員出', '亮相']"
653,"[閒聊] 剛剛去運彩店看到永豐雲豹,肘擊紅隊","['剛剛', '運彩店', '永豐', '雲豹', '肘擊', '紅隊']"
654,Re: [討論] T1這樣燒錢 是好事嗎？,"['Re', 'T1', '這樣', '燒錢', '好事']"
655,[閒聊] 今日強森&海報照片 高光,"['強森', '海報', '高光', '照片', '今日']"
656,[討論] 中信海神怎麼辦,"['海神', '中信']"
657,[新聞] 士東放話要「投爆魔獸」汪蔚傑曝下週對策,"['士東', '放話', '投爆', '魔獸', '汪蔚傑', '曝下', '週對策']"
658,Re: [討論] T1這樣燒錢 是好事嗎？,"['Re', 'T1', '這樣', '燒錢', '好事']"
659,[閒聊] 沒人要去接洽KI看看嗎？,"['沒人要', 'KI', '接洽', '看看']"
660,[新聞] 對岸驚訝霍華德來台 劉嘉發得意：他在我這,"['對岸', '驚訝', '霍華德來', '劉嘉發', '得意']"
661,Re: [討論] T1這樣燒錢 是好事嗎？,"['Re', 'T1', '這樣', '燒錢', '好事']"
662,[閒聊] 新竹攻城獅的防守怎麼了= =,"['攻城獅', '新竹', '防守']"
663,[討論] 特壞怎麼一點也不壞？,"['特壞', '一點', '不壞']"
664,[討論] 平平1+1=4萬 富邦洋將特別強？,"['富邦洋將', '特別強', '平平']"
665,[新聞] 魔獸效應台籃引爆　台中太陽洽談NBA矮,"['魔獸', '效應', '台籃', '太陽洽', 'NBA', '台中', '引爆']"
666,[閒聊] 富邦洋將真的有照薪資規定走嗎,"['富邦洋將', '有照', '薪資', '規定']"
667,[討論] 鋼鐵人爛在那,['鋼鐵人爛']
668,Re: [討論] T1這樣燒錢 是好事嗎？,"['Re', 'T1', '這樣', '燒錢', '好事']"
669,[閒聊] 如果你是P+行銷現在怎解,"['怎解', '行銷現', '如果']"
670,[新聞] 胡凱翔倒數2000分　阿修羅灌壞籃框,"['胡凱翔', '倒數', '2000', '阿修羅', '灌壞', '籃框']"
671,[新聞] 33分大勝夢想家　富邦勇士收3連勝,"['33', '分大勝夢想家', '富邦', '連勝', '勇士']"
672,[情報] 今日T1進場人數,"['T1', '進場', '人數', '今日']"
673,[討論] 兩聯盟目前的人氣差距還是沒變啊...,"['兩聯盟', '人氣', '還是', '沒變', '...', '差距', '目前']"
674,[閒聊] 一個人看球，會很奇怪嗎= =...???,"['看球', '一個', '...', '奇怪']"
675,[閒聊] 書緯道歉大會,"['書緯', '大會', '道歉']"
676,[閒聊] 今日林書緯,"['林書緯', '今日']"
677,[討論] PLG怎麼一夕間多了幾隻後段班隊?,"['PLG', '段班隊', '一夕']"
678,[討論] 教練的差距,"['教練', '差距']"
679,[閒聊] 今日朱億宗,"['朱億宗', '今日']"
680,[討論] 來預估一下魔獸在T1的場均數據,"['預估', '魔獸', 'T1', '場均', '數據', '一下']"
681,[情報] PLG/T1 戰績表 (2022/11/13),"['PLG', 'T1', '戰績', '2022', '11', '13']"
682,[討論] 富邦冠軍賽的時候可以考慮挑戰PLG聯軍吧?,"['富邦', '冠軍賽', '時候', '考慮', '挑戰', 'PLG', '聯軍吧', '可以']"
683,[問題] 台啤 怎麼沒加入P+ ?,['加入']
684,[討論] 歸化不限名額換薪資上限可行嗎？,"['歸化', '不限名', '額換', '薪資', '可行', '上限']"
685,[情報] 今日PLG進場人數,"['PLG', '進場', '人數', '今日']"
686,[BOX ] 22-23 PLG 攻城獅 78:113 國王,"['BOX', '22', '23', 'PLG', '攻城獅', '78', '113', '國王']"
687,[閒聊] 攻城獅怎麼了？,['攻城獅']
688,[閒聊] 今日曹薰曖、毛主席,"['曹薰', '毛主席', '今日']"
689,[問題] 特工 海神是不是現在是不是很尷尬?,"['現在', '尷尬', '海神', '特工']"
690,[討論] 攻城獅為什麼不要曹薰襄？,"['攻城獅', '曹薰襄', '不要']"
691,[閒聊] 還有人覺得設薪資上限有助兩聯盟合併嗎,"['覺得', '設薪資', '兩聯盟合', '有助', '上限', '有人']"
692,[閒聊] P富邦獨強 T魔獸將登場,"['富邦', '獨強', '魔獸', '將登場']"
693,Re: [閒聊] 書緯道歉大會,"['Re', '書緯', '大會', '道歉']"
694,[新聞] 蔣淯安腿傷缺陣無礙 朱億宗轟30分率英熊,"['分率', '安腿傷', '缺陣', '無礙', '朱億宗', '30', '英熊']"
695,Re: [閒聊] 新北國王為什麼會二連敗,"['Re', '新北國', '王為', '會二連敗']"
696,[情報] 高雄海神加開籃框後方看台,"['加開籃', '框後方', '海神', '看台', '高雄']"
697,[問題] T1比賽為什麼不使用NBA規格的籃框呢,"['T1', '比賽', 'NBA', '規格', '籃框', '使用']"
698,Re: [討論] 中信要不要考慮把朱利換掉？,"['Re', '考慮', '朱利換', '中信', '不要']"
699,[討論] McGee 來台打是不是等於cj,"['McGee', '來台', 'cj']"
700,[閒聊] 黑人臉書-截至目前線上觀看人數,"['臉書', '線上', '觀看', '人數', '黑人', '截至', '目前']"
701,[BOX ] 22-23 T1例行賽–雲豹 100:114 獵鷹,"['BOX', '22', '23', 'T1', '雲豹', '100', '114', '獵鷹', '例行']"
702,[BOX ] 22-23 T1例行賽–太陽 94:109 英熊,"['BOX', '22', '23', 'T1', '太陽', '94', '109', '英熊', '例行']"
703,[新聞] 年薪要魔獸2倍！「甜瓜」安東尼也要來台,"['魔獸', '安東尼', '甜瓜', '年薪']"
704,[閒聊] 為什麼不簽陳盈駿 林庭謙?,"['簽陳盈駿', '林庭謙']"
705,[討論] 考量中職效應，台鋼兩倍魔獸簽甜瓜也行,"['中職', '效應', '台鋼', '兩倍', '魔獸', '甜瓜', '考量']"
706,Re: [情報] 桃園永豐雲豹主場 購退票注意事項,"['Re', '桃園', '永豐', '雲豹', '主場', '事項', '退票', '注意']"
707,[討論] 還有哪些退休的NBA大咖可以找阿？,"['NBA', '退休', '哪些', '可以']"
708,Re: [新聞] 年薪要魔獸2倍！「甜瓜」安東尼也要來台,"['Re', '魔獸', '安東尼', '甜瓜', '年薪']"
709,[問題] 為什麼大勝不回鍋加入攻城獅,"['大勝', '回鍋', '攻城獅', '加入']"
710,[討論] 國王場邊的電子看板及今天比賽的看法,"['看板', '國王', '場邊', '電子', '比賽', '看法', '今天']"
711,Re: [新聞] 年薪要魔獸2倍！「甜瓜」安東尼也要來台,"['Re', '魔獸', '安東尼', '甜瓜', '年薪']"
712,[討論] Steaker受FTX波及 會影響P+嗎？,"['Steaker', 'FTX', '影響', '波及']"
713,[新聞] 「風城巨獸」大危機！ 辛巴膝蓋腫脹慘拿,"['風城', '巨獸', '危機', '辛巴膝', '腫脹', '慘拿']"
714,[討論] 今日本土得分上雙,"['上雙', '得分', '本土', '今日']"
715,[新聞] 特壞首秀不夠壞？　林冠綸：我很滿意,"['特壞', '首秀', '不夠', '滿意', '林冠']"
716,[閒聊] 緯來獨家魔獸專訪 最大咖洋將真情時刻,"['緯來', '獨家', '魔獸', '專訪', '咖洋將', '時刻', '真情', '最大']"
717,[新聞] 夢想家「魔鬼主場」遭攻破33分慘敗　簡浩,"['夢想家', '主場', '33', '慘敗', '簡浩', '魔鬼', '攻破']"
718,[新聞] 楊敬敏「背靠背」超有力秘訣曝光　新賽,"['楊敬敏', '秘訣', '新賽', '背靠背', '曝光', '有力']"
719,[新聞] 雲豹險衝突大亂鬥14分吞敗　羅振峰：魔,"['雲豹', '險衝', '突大亂鬥', '14', '分吞敗', '振峰']"
720,[問題] 有辛巴的隊伍向來本土表現如何？,"['辛巴', '隊伍', '表現', '本土', '如何']"
721,[討論] 洋將能申請就業金卡嗎,"['洋將', '申請', '就業', '金卡']"
722,[影片] T1/簡偉儒與尤楚翔打架雙雙被奪權出場,"['T1', '簡偉儒', '尤楚翔', '雙雙', '奪權', '出場', '打架', '影片']"
723,[新聞] 要以魔獸為主軸　雲豹誓言下週搶勝,"['魔獸', '為主軸', '雲豹', '下週', '搶勝', '誓言']"
724,[閒聊] 劉元凱206公分怎麼會沒球打那麼久？,"['劉元凱', '206', '沒球', '那麼', '公分']"
725,[公告] 徵選兩位新板主,"['徵選', '兩位', '新板主']"
726,[新聞] 「台啤老鬼」狂轟30分　朱億宗不當大鎖飆,"['啤老鬼', '30', '朱億宗', '當大鎖']"
727,[新聞] 楊敬敏、林書緯投瘋了！ 國王22顆三分球,"['三分球', '楊敬敏', '林書緯', '投瘋', '國王', '22']"
728,[閒聊] 洋將會不會覺得台灣球員很輕,"['洋將會', '不會', '覺得', '台灣', '球員']"
729,[新聞] 魔獸效應  甜瓜、小刺客、舞王等上菜,"['舞王', '魔獸', '效應', '上菜', '甜瓜', '刺客']"
730,[公告] 水桶,['水桶']
731,[心得] 總冠軍球迷週末看球趣,"['總冠', '週末', '看球趣', '球迷']"
732,[新聞] 甜瓜有望隨魔獸加盟！ 中國網友：煩死了,"['魔獸', '中國', '網友', '煩死', '甜瓜', '加盟', '有望']"
733,[閒聊] 有沒有聊T1的podcast,"['T1', 'podcast']"
734,[討論] SBL黑暗期看球是什麼體驗,"['看球', 'SBL', '體驗', '黑暗']"
735,Re: [討論] SBL黑暗期看球是什麼體驗,"['看球', 'Re', 'SBL', '體驗', '黑暗']"
736,[新聞] 在台灣奪冠高掛球鞋！ 魔獸:可能買房定居,"['台灣', '奪冠高掛', '魔獸', '買房', '球鞋', '定居']"
737,[閒聊] 這身材果真不是來玩的！Dwight Howard P,"['Dwight', 'Howard', '果真', '身材']"
738,[新聞] 被Kobe罵軟蛋、遭謠言中傷　魔獸面對網,"['Kobe', '軟蛋', '遭謠', '魔獸', '面對網', '言中']"
739,[情報] 高雄全家海神FB(徐若瑄),"['FB', '徐若瑄', '海神', '高雄', '全家']"
740,[新聞] 新北耶誕城也有球星可看!楊敬敏、曾文鼎,"['新北耶誕城', '楊敬敏', '曾文鼎', '球星']"
741,Re: [討論] SBL黑暗期看球是什麼體驗,"['看球', 'Re', 'SBL', '體驗', '黑暗']"
742,Re: [討論] SBL黑暗期看球是什麼體驗,"['看球', 'Re', 'SBL', '體驗', '黑暗']"
743,[閒聊] 本季攻城獅何時會取得第一勝？,"['攻城獅', '何時會', '本季', '取得', '第一']"
744,Re: [閒聊] 桃園永豐雲豹例行賽賽程&購票連結,"['Re', '桃園', '永豐', '雲豹', '賽賽程', '購票', '連結', '例行']"
745,[情報] 永豐雲豹 - Dwight Howard棚拍花絮搶先看,"['永豐', '雲豹', 'Dwight', 'Howard', '搶先', '花絮']"
746,[閒聊] 桃園雲豹的配套宣傳和特種S,"['桃園', '雲豹', '宣傳', '特種', '配套']"
747,[閒聊] 艾迪談Earl Clark 跟魔獸,"['艾迪', 'Earl', 'Clark', '魔獸']"
748,[情報] 台中太陽 突然開賣二月的票,"['太陽', '開賣', '台中', '二月', '突然']"
749,[新聞] 鋼鐵人啦啦隊女神疑雲從小好動　視舞蹈,"['鋼鐵人', '疑雲從', '好動', '女神', '舞蹈']"
750,[專欄] 【專欄／球場第一排】你會為了看特定球星,"['球場', '第一排', '球星', '特定']"
751,[專欄] 為什麼是台灣？「魔獸」霍華德加盟永豐,"['台灣', '魔獸', '霍華德', '永豐', '加盟']"
752,[情報] 台新夢想家電競主題週,"['台新夢', '想家電', '競主題']"
753,Re: [專欄] 【專欄／球場第一排】你會為了看特定球星,"['Re', '球場', '第一排', '球星', '特定']"
754,[閒聊] 台日韓四聯盟的平均進場人數(截至11/14),"['台日', '韓四聯盟', '進場', '人數', '11', '14', '截至', '平均']"
755,Re: [專欄] 【專欄／球場第一排】你會為了看特定球星,"['Re', '球場', '第一排', '球星', '特定']"
756,[情報] 歡樂耶誕城運動派對 特務見面會來囉,"['歡樂', '耶誕城', '運動', '特務見', '面會來']"
757,[討論] t1目前近期有反感的地方嗎,"['t1', '反感', '近期', '地方', '目前']"
758,[新聞] 超人來了！ 雲豹打造魔獸專屬菜單,"['雲豹', '魔獸', '專屬', '菜單', '超人', '打造']"
759,"[討論] 11/19 魔獸首戰 中信特攻, 哪一對會贏呢?","['11', '19', '魔獸', '首戰', '特攻', '對會贏', '哪一', '中信']"
760,Re: [閒聊] 艾迪談Earl Clark 跟魔獸,"['Re', '艾迪', 'Earl', 'Clark', '魔獸']"
761,[新聞] 魔獸場館整修 國體大:11/19賽前全處理完畢,"['理完', '魔獸', '場館', '國體', '11', '19', '賽前', '全處', '整修']"
762,[討論] 如果今天魔獸加盟P 艾迪會怎麼寫,"['魔獸', '艾迪', '加盟', '今天', '如果']"
763,[問題] 台籃球員會不會從此發球變好,"['台籃', '球員會', '不會', '發球', '變好']"
764,[新聞] NBA球員棄中來台？陸媒：CBA影響力下降,"['NBA', '球員棄', '中來', '陸媒', 'CBA', '影響力', '下降']"
765,Re: [討論] 如果今天魔獸加盟P 艾迪會怎麼寫,"['Re', '魔獸', '艾迪', '加盟', '今天', '如果']"
766,[新聞] 魔獸專屬菜單 體能教練爆料：他還跑贏後衛,"['魔獸', '專屬', '菜單', '體能', '教練', '還跑', '贏後衛', '爆料']"
767,[閒聊] P在魔獸來台後的反應,"['魔獸', '來台', '反應']"
768,[情報] 台新夢想家 2022-23 年度形象影片,"['台新夢想家', '2022', '23', '影片', '形象', '年度']"
769,[閒聊] 魔獸IG直播中,"['魔獸', 'IG', '直播']"
770,[閒聊] 台灣以前對體育館建設的不重視,"['台灣', '體育館', '建設', '重視', '以前']"
771,[閒聊] 桃園雲豹ig粉絲數即將超越桃園領航猿,"['桃園', '雲豹', 'ig', '粉絲數', '即將', '領航猿', '超越']"
772,Re: [新聞] 魔獸專屬菜單 體能教練爆料：他還跑贏後衛,"['Re', '魔獸', '專屬', '菜單', '體能', '教練', '還跑', '贏後衛', '爆料']"
773,[情報] 攻城獅FB — AB的一席話,"['攻城獅', 'FB', 'AB', '一席']"
774,[新聞] 魔獸才來台4天！爆「被中國CBA挖角」總教,"['魔獸', '中國', 'CBA', '總教', '挖角']"
775,Re: [閒聊] P在魔獸來台後的反應,"['Re', '魔獸', '來台', '反應']"
776,[討論] NBA的看到魔獸這麼受歡迎，應該會想來台灣,"['NBA', '魔獸', '這麼', '歡迎', '應該', '台灣']"
777,[問題] 魔獸看到隊友架拐子，心理有何感想？,"['魔獸', '隊友架', '有何感想', '拐子', '心理']"
778,[閒聊] 霍華德3分球明明很準 為啥在NBA要藏?,"['霍華德', '分球', '很準', 'NBA', '要藏', '明明']"
779,[新聞] 魔獸直播嗨玩夾娃娃機 預告明天行程,"['魔獸', '玩夾', '預告', '直播', '行程', '娃娃', '明天']"
780,Re: [閒聊] 魔獸IG直播中,"['Re', '魔獸', 'IG', '直播']"
781,Re: [情報] 攻城獅FB — AB的一席話,"['Re', '攻城獅', 'FB', 'AB', '一席']"
782,[情報] P.League+ FB 粉紅絲帶,"['League', 'FB', '粉紅絲']"
783,[新聞] PLG總經理球員一起玩！夢想家推電競主題周,"['PLG', '總經理', '球員', '夢想家', '推電', '競主題', '一起']"
784,[閒聊] 周伯勳談陽台事件,"['周伯勳', '談陽台', '事件']"
785,[新聞] NBA追星大戰靜悄悄 PLG執行長陳建州怎看?,"['追星', 'NBA', '大戰靜', 'PLG', '執行長', '怎看', '建州', '悄悄']"
786,Re: [閒聊] P在魔獸來台後的反應是不是都偏酸？,"['Re', '魔獸', '來台', '反應', '偏酸']"
787,Re: [閒聊] P在魔獸來台後的反應是不是都偏酸？,"['Re', '魔獸', '來台', '反應', '偏酸']"
788,[專欄] DH加盟 四個面向告訴你此事對聯盟影響！,"['DH', '四個', '告訴', '聯盟', '影響', '加盟', '面向', '此事']"
789,[Live] 中國 vs 巴林 世預賽,"['Live', '中國', 'vs', '預賽', '巴林']"
790,[情報] 國王學院開課 NBA訓練師,"['國王', '學院', '開課', 'NBA', '訓練師']"
791,Re: [專欄] DH加盟 四個面向告訴你此事對聯盟影響！,"['Re', 'DH', '四個', '告訴', '聯盟', '影響', '加盟', '面向', '此事']"
792,[閒聊] 峰哥真的不打了？,['峰哥']
793,[問題] T1比賽有攜帶相機的規定嗎?,"['T1', '比賽', '攜帶', '相機', '規定']"
794,[新聞] 曾和霍華德對位　牧倫斯：他能在這打出,"['霍華德', '對位', '牧倫斯', '打出']"
795,[新聞] 不搞銀彈攻勢 PLG票房待考驗,"['待考', '銀彈', '攻勢', 'PLG', '票房']"
796,[問題] 想請問T1聯盟比賽平均用時,"['請問', 'T1', '聯盟', '比賽', '用時', '平均']"
797,[新聞] 台職籃再鎖定一位NBA球星！,"['職籃', '再鎖定', 'NBA', '球星', '一位']"
798,[情報] #雲豹棲息地 #地板搶先看,"['雲豹', '棲息', '搶先', '地板']"
799,[公告] 水桶,['水桶']
800,[閒聊] 霍華德遊台灣,"['霍華德遊', '台灣']"
801,[新聞] 魔獸效應！民權鬥士坎特也可能來台？,"['坎特', '魔獸', '效應', '民權', '鬥士', '來台']"
802,[情報] 臺中太陽IG  參與市府形象影片,"['中太陽', 'IG', '參與', '市府', '影片', '形象']"
803,[情報] 喬伊斯悼前副手逝世 全隊給予教練安慰,"['悼前', '全隊', '給予', '教練', '伊斯', '副手', '逝世', '安慰']"
804,[新聞] 魔獸出巡夜市狂吃美食！一聽是雞屁股嚇,"['魔獸', '一聽', '夜市', '出巡', '美食', '屁股']"
805,[新聞] 甜瓜也來? T1狂追NBA球星 陳建州曝PLG決定,"['T1', 'NBA', 'PLG', '決定', '球星', '甜瓜', '建州']"
806,[新聞] 迎接魔獸首戰 雲豹主場地組裝完成,"['魔獸', '首戰', '雲豹', '主場', '地組裝', '迎接', '完成']"
807,[討論] 假設T真的有至少四隊請來nba球星？,"['假設', '四隊', 'nba', '球星', '至少']"
808,[情報] P+ Week2 單週 MVP 強森,"['Week2', '單週', 'MVP', '強森']"
809,[新聞] 魔獸NBA級操練 喊奪冠定居台灣,"['魔獸', 'NBA', '操練', '奪冠', '台灣', '定居']"
810,[情報] 新竹街口攻城獅主場全面開放飲食,"['攻城獅', '主場', '開放', '飲食', '新竹', '街口', '全面']"
811,[新聞] 快訊／AD降臨PLG新北國王！　NBA馬刺冠軍,"['快訊', 'AD', '降臨', 'PLG', '新北國王', 'NBA', '刺冠']"
812,[情報] 館長陳之漢FB - 雲豹籃球隊 與NBA魔獸,"['館長', '之漢', 'FB', '雲豹', '籃球隊', 'NBA', '魔獸']"
813,[新聞] 魔獸好暖 團隊訓練關心隊友傷勢,"['魔獸', '團隊', '訓練', '關心', '隊友', '傷勢']"
814,[閒聊] 關於洋將薪資上限,"['關於洋', '將薪資', '上限']"
815,[新聞] 台灣成籃球天堂！坎特來台有譜？,"['坎特', '台灣成', '籃球', '來台', '天堂']"
816,[新聞] T1》國體大回應館長了！強調租用場館有誤,"['T1', '國體', '大回', '應館', '強調', '場館', '有誤', '租用']"
817,[閒聊] 德威 vs 魔獸 (幾幾波,"['vs', '魔獸', '幾幾波', '德威']"
818,[專欄] 霍華德帶來防守端大衝擊 提升台灣籃球檔,"['霍華德', '帶來', '端大衝擊', '台灣', '籃球', '防守', '提升']"
819,[情報] 「魔獸」霍華德首戰 出示 aifian 頁面送,"['魔獸', '霍華德', '首戰', 'aifian', '面送', '出示']"
820,[閒聊] 雲豹IG-魔獸正式參與球隊全場練球,"['雲豹', 'IG', '魔獸', '參與', '球隊', '全場', '練球', '正式']"
821,Re: [情報] 高雄海神加開籃框後方看台,"['Re', '加開籃', '框後方', '海神', '看台', '高雄']"
822,[閒聊] 個人繪畫創作—歡迎魔獸來台,"['人繪畫', '創作', '歡迎', '魔獸', '來台']"
823,[心得]  11/13 攻城獅vs國王 新莊主場,"['11', '13', '攻城獅', 'vs', '國王', '新莊', '主場']"
824,[新聞] 剉咧等？再4天就要對決魔獸　「大房東」,"['對決', '魔獸', '大房東', '就要']"
825,Re: [閒聊] 關於洋將薪資上限,"['Re', '關於洋', '將薪資', '上限']"
826,[新聞] 誰比魔獸更大牌？T1爭搶NBA名將效益或遞減,"['魔獸', 'T1', '爭搶', 'NBA', '名將', '遞減', '大牌', '效益']"
827,[閒聊] D.Howard練球表現,"['D.Howard', '練球表現']"
828,[新聞] 魔獸來台主場風波 國體大發聲明駁斥館長,"['魔獸', '來台', '主場', '風波', '國體', '發聲', '明駁', '斥館']"
829,[討論] 魔獸首場數據多少才符合期待？,"['魔獸', '首場', '數據', '期待', '符合', '多少']"
830,Re: [Live] T1》國體大回應館長了！強調租用場館有誤,"['Re', 'Live', 'T1', '國體', '大回', '應館', '強調', '場館', '有誤', '租用']"
831,Re: [討論] 魔獸首場數據多少才符合期待？,"['Re', '魔獸', '首場', '數據', '期待', '符合', '多少']"
832,[專欄] 油箱還有多少油？Howard能為雲豹帶來多大,"['Howard', '能為', '雲豹', '帶來', '油箱', '多少']"
833,Re: [專欄] 油箱還有多少油？Howard能為雲豹帶來多大,"['Re', 'Howard', '能為', '雲豹', '帶來', '油箱', '多少']"
834,[問題] 國體雲豹主場如何前往?,"['國體', '雲豹', '主場', '前往', '如何']"
835,Re: [討論] 魔獸首場數據多少才符合期待？,"['Re', '魔獸', '首場', '數據', '期待', '符合', '多少']"
836,Re: [討論] 魔獸首場數據多少才符合期待？,"['Re', '魔獸', '首場', '數據', '期待', '符合', '多少']"
837,[閒聊] 富邦勇士 | 11.13客場紀錄影片,"['富邦', '11.13', '客場', '紀錄', '勇士', '影片']"
838,[新聞] 陳時中自曝必看NBA　號次12號「可能魔獸,"['曝必', 'NBA', '號次', '12', '魔獸']"
839,[新聞] 不演了！魔獸爆扣狂虐禁區　防守球員宛,"['不演', '魔獸', '爆扣', '狂虐', '禁區', '球員宛', '防守']"
840,Re: [Live] T1》國體大回應館長了！強調租用場館有誤,"['Re', 'Live', 'T1', '國體', '大回', '應館', '強調', '場館', '有誤', '租用']"
841,[新聞] 魔獸不知他遭轟3槍！館長瞞暴瘦27公斤內幕,"['魔獸', '館長', '暴瘦', '27', '內幕', '公斤', '不知']"
842,Re: [討論] t1目前近期有反感的地方嗎,"['Re', 't1', '反感', '近期', '地方', '目前']"
843,[新聞] 國體大聲明批4點造謠！　館長暴怒：本,"['國體', '大聲', '明批', '點造謠', '館長', '暴怒']"
844,[新聞] 霍華德帶來防守端大衝擊 提升台灣籃球,"['霍華德', '帶來', '端大衝擊', '台灣', '籃球', '防守', '提升']"
845,[討論] 魔獸真的可以發揮出來嗎？,"['魔獸', '發揮', '出來', '可以']"
846,[新聞] 被爆料將來台加盟T1職籃？　湯瑪斯：我,"['將來', 'T1', '職籃', '湯瑪斯', '爆料', '加盟']"
847,[討論] 獵鷹把第二主場設在哪裡比較可行？,"['獵鷹', '主場', '設在', '哪裡', '可行', '第二']"
848,[專欄] 特稿｜T1打了「魔獸」這劑強心針　掀全,"['T1', '魔獸', '這劑', '強心針', '掀全', '特稿']"
849,[專欄] 盤點「魔獸」來台造成的七大效應：門票,"['盤點', '魔獸', '來台', '七大效', '門票', '造成']"
850,[新聞] 「魔獸」列車啟動！雲豹能源申請台灣創,"['魔獸', '列車', '啟動', '雲豹', '申請', '台灣創', '能源']"
851,[討論] PLG》新秀互投 新人王會是誰？,"['新人王', 'PLG', '互投', '新秀']"
852,[專欄] 你所不知的球星霍華德─7胎流產後的奇蹟,"['霍華德', '胎流產', '球星', '不知']"
853,[閒聊] Dwight Howard ig隊內炸魚,"['Dwight', 'Howard', 'ig', '隊內', '炸魚']"
854,[新聞] 「魔獸」降臨　桃園永豐雲豹斥資500萬！,"['魔獸', '降臨', '桃園', '永豐', '雲豹', '斥資', '500']"
855,[討論] 台中太陽真的有能力簽矮湯嗎,"['太陽', '簽矮湯', '台中', '能力']"
856,[新聞] 雲豹桃園隊一百天搶魔獸實錄：戰績倒數、,"['雲豹', '桃園', '魔獸', '實錄', '戰績', '倒數', '一百天']"
857,[閒聊] 台灣魔獸要換人啦,"['台灣', '魔獸', '要換']"
858,Re: [閒聊] Dwight Howard ig隊內炸魚,"['Re', 'Dwight', 'Howard', 'ig', '隊內', '炸魚']"
859,[專欄] 【收視數字看職籃】PT聯盟H2H (至11/13),"['收視', '數字', '職籃', 'PT', '聯盟', 'H2H', '11', '13']"
860,[新聞] SBL裕隆新賽季　周士淵復出擔任隊長,"['SBL', '新賽季', '周士淵', '出擔', '任隊', '裕隆']"
861,[新聞] 魔獸來台趴趴走「都沒戴口罩」王必勝：,"['魔獸', '來台', '王必勝', '口罩']"
862,[新聞] 霍華德練球飛身灌籃　影片連歐尼爾也分享,"['霍華德練球', '飛身', '灌籃', '連歐尼爾', '分享', '影片']"
863,[新聞] 攻城獅開幕週　宇宙人與麋先生輪番開唱,"['攻城獅', '開幕週', '輪番', '開唱', '宇宙', '先生']"
864,[閒聊] 少女心魔獸,"['魔獸', '少女']"
865,[閒聊] 台啤英雄有實力簽下JR 神經刀嗎,"['實力', '簽下', 'JR', '神經', '英雄']"
866,[情報] 桃園永豐雲豹籃球隊聲明,"['桃園', '永豐', '雲豹', '籃球隊', '聲明']"
867,[新聞] 館長猛批國體大球場　雲豹突聲明:魔獸非館,"['館長', '批國體', '大球場', '雲豹', '突聲明', '魔獸', '非館']"
868,[情報] 雲豹FB 3.4月門票開賣,"['雲豹', 'FB', '3.4', '月門票', '開賣']"
869,[閒聊] 所以限制洋將是不是打臉自己!?,"['洋將', '打臉', '限制', '所以', '自己']"
870,[新聞] 魔獸發大財！雲豹宣布3、4月門票「翻倍價,"['魔獸', '發大財', '雲豹', '月門票', '翻倍', '宣布']"
871,[情報] 臺中太陽新官網正式加入T1宇宙！,"['中太陽', '官網', 'T1', '宇宙', '加入', '正式']"
872,[情報] T1賽事判決公告(G07),"['T1', '賽事', '判決', 'G07']"
873,[情報] 台新夢想家全新應援款、美式復古系列商品,"['援款', '台新夢想家', '美式', '全新', '系列', '商品']"
874,[閒聊] P+洋將簽誰能打贏富邦？,"['洋將簽', '贏富邦']"
875,[討論] 劉嘉發教練的英文,"['劉嘉發', '教練', '英文']"
876,Re: [討論] 劉嘉發教練的英文,"['Re', '劉嘉發', '教練', '英文']"
877,[新聞] 領航猿推出「桃園市民航線」憑桃園市民,"['桃園', '領航猿', '民航', '市民', '推出']"
878,[新聞] 霍華德引熱潮 陳將双更想看「甜瓜」安東尼,"['霍華德', '引熱潮', '陳將双', '安東尼', '更想', '甜瓜']"
879,[新聞] 票價翻漲3倍！桃園雲豹公布最新售票資訊,"['票價', '翻漲', '桃園', '雲豹', '資訊', '售票', '最新', '公布']"
