,title
0,[情報] 獵鷹愛德華離隊
1,[情報] 漢來美食海神首勝同慶禮 下載APP領優惠
2,[新聞] SBL、WSBL首度合併舉行 熱身賽12/27登場
3,[閒聊] 如果有出實體遊戲？
4,"[新聞] 免費仔快看！SBL,WSBL 12月台北辦熱身賽"
5,[閒聊] 夢想家與Converse第三季再次合作
6,[討論] 谷毛唯嘉是不是未來的台鋼皇帝
7,[情報] 艾迪 FB - 里維羅(Ricci Rivero)相關動態
8,[閒聊] PLG Week1 Top 10 Plays
9,"[問題] 請問""皇帝""跟台鋼的關聯性"
10,[新聞] 重磅！那個男人來了　霍華德加盟桃園雲豹
11,[新聞] 震撼台灣籃壇！ 「魔獸」豪爾德加盟桃園
12,[閒聊] 這是台籃史上最扯的補強嗎
13,Re: [新聞] 重磅！那個男人來了　霍華德加盟桃園雲豹
14,[閒聊] 假如林書豪回來vs魔獸會想看誰
15,[閒聊] 魔獸來台打T1，場均數據會多少？
16,[閒聊] 為何中信跟富邦搶不到魔獸?
17,[討論]如果真的來DH應該是亞洲史上最大咖洋將巴?
18,[閒聊] 魔獸加盟t1
19,[問題] 小四講的真的很實在了吧？
20,[閒聊] 黑哥這次輸了
21,Re: [閒聊] 為何中信跟富邦搶不到魔獸?
22,[閒聊] 幫P+找好台階了
23,[閒聊] 魔獸的譯名會是什麼?
24,[問題] 桃園雲豹怎麼購票
25,[閒聊] 期許T1球團能把握這次機會拉上觀眾人數
26,[討論] 台中太陽的資訊要去哪找
27,[閒聊] 我想進場，但台體那個場館真的太爛
28,[討論] 劉嘉發會怎麼使用魔獸
29,[情報] 桃園雲豹IG  真‧魔獸降臨
30,Re: [新聞] 重磅！那個男人來了　霍華德加盟桃園雲豹
31,[情報] 攻城獅FB - 超人回來了
32,[閒聊] P+跟T1會產生黃金交叉嗎？
33,[討論] 魔獸(Dwight Howard)來台打球原因？
34,[新聞] 爆炸性消息！ 霍華德震撼加盟桃園雲豹
35,[討論] 現在T1豪門線怎麼畫
36,[討論] 台中太陽是不是只剩搶甜瓜了
37,[討論] 魔獸會怎樣的數據
38,[新聞] 曾對前隊友林書豪惡作劇　「魔獸」霍華
39,[新聞] 霍華德加盟雲豹　11/19國體大出賽
40,[閒聊] 這應該已經到亞洲史上最大咖了吧?
41,[新聞] 魔獸加盟T1！霍華場外5私生子79億不夠花
42,[閒聊] 臺灣籃壇誰禁區能扛下魔獸?
43,[閒聊] 小四是不是想跟魔獸打球才復出
44,[新聞] 「魔獸」霍華德加盟T1桃園雲豹　台灣初登
45,[討論] P+找誰來加盟才能贏過魔獸的聲量
46,Fw: [討論] NBA Taiwan FB
47,[閒聊] 真核彈級消息 下一個 要怎樣才有辦法超越?
48,[問題] P+為什麼挖魔獸輸雲豹...?
49,Re: [討論] P+找誰來加盟才能贏過魔獸的聲量
50,[閒聊] 胡凱翔 李漢昇 曾文鼎碰到魔獸會怎樣？
51,Re: [新聞] 台籃震撼彈!「魔獸」霍華德或將降臨寶島
52,[情報] T1 League IG - 歡迎魔獸
53,Re: [閒聊] P+跟T1會產生黃金交叉嗎？
54,[閒聊]  12月中信主場對雲豹的售票情況
55,[閒聊] 之前飛到美國看霍華德要多少錢
56,[討論] DH來看到台灣籃球硬體設備會生氣吧
57,[閒聊] T1 11/19魔獸初登場直播人數會多少
58,[討論] 海神售票A+B是不是很佛心
59,[討論] 魔獸守得住辛巴嗎？
60,[新聞] Howard重磅加盟雲豹 將與GM蘇翊傑同日出賽
61,[討論] 魔獸是不是喚出很多十年老雲粉？
62,[討論] 當年Manny來台票房
63,[閒聊] 魔獸不知道有沒有簽特殊條款
64,Re: [討論] DH來看到台灣籃球硬體設備會生氣吧
65,[情報] DH IG發文
66,[討論] 台灣籃球是不是要起飛了？
67,[討論] Dwight Howard背號還會是39嗎？
68,[討論] 魔獸可以複製 當年帶魔術隊打總冠嗎
69,[新聞] 魔獸來了！100元看得到NBA球星？雲豹門
70,[問題] 台灣有人撐得住Howard全力一擊嗎？
71,[閒聊] 美國Reddit 跟虎撲鄉民反應
72,[新聞] 霍華德不符合薪資規定　T1聯盟同意後加
73,[討論] 從今天起就是電豹女粉絲！
74,[閒聊] 柴哥大戰魔獸
75,[討論] 其他隊找JRSmith之類的待業球星可能性
76,[閒聊] 能不能季中再辦一次跨聯盟交流賽
77,[討論] 明星賽改成跨聯盟交流是不是很讚
78,[閒聊] 希望p+可以跟T1有交流賽
79,[閒聊] 比起雲豹 鋼鐵人跟國王是在哈囉?
80,[閒聊] T1 484很有誠意
81,[閒聊] T1再搶到緯哥書豪484就逆襲了??
82,[問題] P+現在要怎麼蹭才不會被酸？
83,[閒聊] 未來最想看魔獸對決誰？
84,Re: [閒聊] T1在搶到緯哥書豪484就逆襲了??
85,[情報] 12/17 中信特攻vs 桃園雲豹下層完售
86,Re: [討論] T1聯盟會長表示希望與P+進行交流
87,[閒聊] Howard宣布加盟後T1的票房快速增加中
88,[討論] 曾文鼎、吳岱豪對位真魔獸
89,[閒聊] 如果魔獸來了以後滿場是不是證明
90,Re: [閒聊] 比起雲豹 鋼鐵人跟國王是在哈囉?
91,[情報] PLG Week1 週MVP 辛特力
92,[新聞] NBA球星加入雲豹 網友虧：股票可買到了？
93,[問題] 魔獸霍華德的薪資大概是多少?
94,[閒聊] 雲豹是不是在下很大一盤棋?
95,[討論] 謝宗融 VS  曾文鼎
96,[討論] 最想看到聖光獸對上誰的戲碼？
97,[討論] 下一個來的會是西門嗎
98,Re: [情報] 12/17 中信特攻vs 桃園雲豹下層完售
99,[討論] 執行長跟事務長現在在想什麼？
100,[討論] 太陽要從NBA找誰才能跟著起飛
101,[閒聊] 雲豹是不是成為桃園一哥了
102,[討論] 魔獸應該取什麼綽號才符合雲豹
103,[討論] 魔獸加盟雲豹上ESPN頭版
104,[問題] 魔獸是T1的糖衣還是毒藥
105,[問題] pleague 球員可以去看T1嗎
106,[公告] 水桶
107,[情報] 台啤英熊主場對戰雲豹 門票緊急加開販獸
108,[公告] basketballTW 樂透開獎
109,[新聞] 啦啦隊女神玩SUP洩蜜桃曲線 與她練瑜伽1
110,[閒聊] 雲豹可以借小巨蛋吧？
111,[閒聊] 魔獸會自掏腰包幫雲豹買什麼？
112,[情報] 攻城獅FB-獅黑召集令
113,[新聞] 要跟魔獸當隊友　蘇翊傑：Oh my God！
114,[閒聊] 台灣男子職籃的未來發展
115,[新聞] 魔獸專機震撼降落 DH宣布加盟T1桃園雲豹
116,Re: [討論] T1這種觀眾人數能撐幾年啊？
117,[討論] T1這波賺翻了
118,[閒聊] 假如魔獸待完整季，雲豹能走多遠
119,[新聞] 霍華德薪資引熱議 雲豹回應：有簽保密合約
120,[討論] DH有可能打滿一季嗎?
121,[情報] 魔獸Howard薪資確定超過640萬
122,Re: [新聞] 要跟魔獸當隊友　蘇翊傑：Oh my God！
123,[閒聊] 第一季T1只支持雲豹的P寶路過
124,[閒聊] 雲豹跟獵鷹兩隊是不是進步很多？
125,[討論] 其實小四第一季就有想簽大咖洋將
126,Re: [新聞] 霍華德不符合薪資規定　T1聯盟同意後加
127,[新聞] 霍華德將先發正常出賽　保證待滿整季
128,[問題] 門票100塊，你會願意花錢買周邊嗎
129,[新聞] 「魔獸」霍華德來台掀搶票熱潮！T1公佈
130,[討論] 四神湯484台籃第一湯？
131,[討論] 球季中跨聯盟可以自辦練習賽嗎？
132,[閒聊] p.league+要補誰才有可能翻轉
133,[討論] 所以p+接下來怎麼辦？
134,[問題] 月薪超過20萬鎂 這有其他球隊會跟嗎？
135,[討論] 到底台灣什麼吸引霍華德
136,[討論] 願砸大錢提升可看度，球迷都會進場吧
137,[新聞]「魔獸」客場比賽搶爆了！售票網站直接當機
138,[討論] 桃園永豐雲豹---全新主場館介紹
139,[新聞] 新北國王開幕周推「楊敬敏MVP主題周」
140,[討論] 魔獸打到一半被CBA挖走的機率大嗎？
141,[討論] 魔獸來的震驚程度有大於曼尼旋風嗎？
142,[新聞] 台籃掀起「魔獸熱」T1特攻獵鷹成另類贏家
143,[討論] 林書豪來打T1，入場觀眾能跟魔獸一樣多嗎
144,[乳摸]又有一個重量級人物要來？
145,Re: [問題] 月薪超過20萬鎂 這有其他球隊會跟嗎？
146,[問題] 魔獸的身手還能主宰T1禁區嗎？
147,[分享] 魔獸05年第一次來台灣的照片
148,Re: [討論] 魔獸來的震驚程度有大於曼尼旋風嗎？
149,[新聞] 魔獸要來連棒球圈都關注！球員2週前收到
150,[討論] 台籃兩聯盟的競爭關係
151,[問題] 會因為魔獸只看T嗎？
152,[討論] P+下一步該怎麼走？
153,[閒聊] 請問永豐銀行會推出魔獸聯名信用卡嗎？
154,Re: [問題] 魔獸的身手還能主宰T1禁區嗎？
155,[討論] 魔獸牌子那麼大T1裁判敢插T嗎
156,Re: [討論] 魔獸來的震驚程度有大於曼尼旋風嗎？
157,[討論] P+真正的危機是這個
158,[閒聊] 歐尼爾又發限動  LBJ按讚
159,[閒聊] 雲豹IG追蹤數超越海神了...
160,[閒聊] T1球員曝光度大大提升
161,[心得] 第一次要支持桃園本土球隊
162,[新聞] 雲豹下重本找「魔獸」豪爾德 最便宜票價還是100元嗎？
163,[情報] 艾迪 FB - 前廣廈洋將 福特森有意來台打球
164,[新聞] PLG危險了？魔獸加盟T1「勁敵」陳建州發文
165,[閒聊] 魔獸來台 唯一會有危機的應該是領航猿吧?
166,[討論] 假設如果雲豹是給魔獸200萬美金
167,Re: [新聞] PLG危險了？魔獸加盟T1「勁敵」陳建州發文
168,[討論] 現在p+去找t1打跨聯盟能挽救人氣嗎
169,[新聞] 「考慮B聯盟嗎？」 Howard加盟台籃連日網友
170,[新聞] 台籃史上最強NBA明星中鋒來啦！受他影響
171,[新聞] 鄭運鵬「從小看魔獸在魔術打球」　網友
172,[閒聊] P+現在願意跟T1打比賽了嗎？
173,Re: [新聞] 台籃震撼彈!「魔獸」霍華德或將降臨寶島
174,Re: [討論] 魔獸來的震驚程度有大於曼尼旋風嗎？
175,[閒聊] T1 各隊洋將
176,[新聞] 台籃震撼彈炸不停？NBA巨星「甜瓜」安東
177,[心得] 來過台灣比賽的內線洋將 火鍋能力
178,[新聞] 啦啦隊新女神！15秒「火辣出水」畫面曝
179,[問題] 請問桃園雲豹的主場休息區
180,[閒聊] 桃園領航猿是怎麼輸的？
181,[新聞] DWIGHT HOWARD SIGNS DEAL TO PLAY FOR
182,[閒聊] T1名字是不是取對了
183,[情報] 12/17特攻對雲豹主場比賽即將完售
184,[討論] T1是NBA認證的台灣頂級聯賽
185,[閒聊]  如果甜瓜也去T1 PLG 本季還有看的必要
186,Re: [閒聊] 桃園領航猿是怎麼輸的？
187,[閒聊] 火鍋店巧遇四爺
188,[問題] 魔獸面對台媒會如何吹捧台籃球員?
189,[閒聊] 雲豹眾小醬現在484瑟瑟發抖？
190,[討論] 認真問 T1其他五隊之後則怎麼擋住魔獸
191,[討論] 現在中信還能打贏桃園嗎？
192,Re: [新聞] 雲豹下重本找「魔獸」豪爾德 最便宜票價還是100元嗎？
193,[閒聊] 隊友實力太爛，魔獸有辦法展現實力嗎？
194,[討論] 現在是T1、PLG談判的最佳時機吧
195,[討論] T1各主場設備要開始健檢了
196,[分享] 魔獸在NBA的經典影片
197,[討論] 白曜誠
198,[問題] 為什麼球員反應挺冷的
199,Re: [閒聊] 隊友實力太爛，魔獸有辦法展現實力嗎？
200,[新聞] 台灣運動史上最高薪洋將　霍華德可望成
201,[新聞] 實現當年承諾加入桃園雲豹　Howard發文
202,[新聞] 魔獸確定打滿整季！蘇翊傑:DH每場都先發
203,[新聞] 大咖不只哈沃德一人 細數那些年旅台的
204,[新聞] 魔獸來台打球 中國球迷:去台灣就是去中國
205,[閒聊] 魔獸加盟桃園雲豹上關鍵時刻
206,[討論] T1其他隊有可能祭出犯規戰術對付魔獸嗎？
207,Re: [討論] 魔獸來的震驚程度有大於曼尼旋風嗎？
208,[情報] 1/8雲豹台啤比賽完售
209,Re: [新聞] 大咖不只哈沃德一人 細數那些年旅台的
210,[討論] 四gm不參與本土爭奪戰是今年最傑出的一
211,[閒聊] 桑德斯臉書
212,Re: [問題] 魔獸面對台媒會如何吹捧台籃球員?
213,[討論] T1還能增加幾隊？
214,Re: [討論] T1其他隊有可能祭出犯規戰術對付魔獸嗎？
215,[討論] 魔獸之後會不會介紹其他NBA球員來打
216,Re: [閒聊] P+現在願意跟T1打比賽了嗎？
217,[情報] 已開賣之雲豹客場場次售票情形
218,[討論] 只有我覺得魔獸可能沒辦法統治T1嗎
219,[閒聊] 張宗憲配 辛特力打魔獸的話是不是票房保
220,[閒聊] 魔獸來台 是不是台灣藝人YT一推來認識?
221,Re: [閒聊]  如果甜瓜也去T1 PLG 本季還有看的必要
222,[新聞] 魔獸風暴襲台　雲豹主場挑戰台籃最狂1500席滿座
223,[討論] 大家是不是忘了那個叫自由的男人
224,[新聞] 薪資開特例 「魔獸」掀搶票潮盼超越曼
225,[情報] 台灣職籃IG追蹤人數
226,Re: [討論] 現在中信還能打贏桃園嗎？
227,[閒聊] 魔獸來臺會給球員帶來什麼正面效益
228,[新聞] 魔獸降臨下一個是甜瓜? NBA報導稱台灣T1
229,[問題] 魔獸有可能開心待到雲豹一整季嗎？
230,[討論] T1最佳GM是不是可以提早頒獎了?
231,[情報] 12/24 桃園雲豹 vs 台鋼獵鷹 門票完售
232,Re: [新聞] 魔獸降臨下一個是甜瓜? NBA報導稱台
233,[新聞] 魔獸霍華德來台打球　楊敬敏：對台籃環
234,[新聞] 否認接觸甜瓜　毛加恩有時間也想看霍華
235,[閒聊]  雲豹真的有本事吧 魔獸又不缺錢
236,[情報] 台啤英熊11/12開幕戰 表演嘉賓–李英宏
237,[討論] 林書豪、甜瓜加盟台籃可能性
238,[閒聊] 大家會不會炒過頭了？
239,[閒聊] 有趣的現象
240,[討論] 坦白說 沒人關心T1明年賽季營運狀況吧
241,[新聞] 魔獸魅力大恐衝擊票房？ 毛加恩不擔心
242,[新聞] 夢想家12日主場開幕戰 　當週2日票券完售
243,[閒聊] T1會出現極端現象嗎？
244,[討論] 新北國王洋將又走一個？
245,[新聞] 台啤英熊前進基隆？　立委蔡適應：全力
246,[閒聊] 魔獸現在的實力可以直接衝擊冠軍嗎
247,Re: [閒聊]  雲豹真的有本事吧 魔獸又不缺錢
248,[閒聊] Dwight Howard知道台灣有很多魔獸嗎
249,[閒聊] 大家覺得雲豹這季的主場票房會成長多少？
250,"[閒聊] 魔獸來了,敵隊教練開始抖了嗎"
251,[討論] 館長會邀請魔獸上健身房嗎
252,[情報] 桃園永豐雲豹例行賽主場售票資訊
253,[閒聊] 「魔獸」是台灣最多球員用的NBA稱號嗎?
254,[閒聊] 魔獸DH來台可以宰制台籃禁區嗎?
255,[新聞] 國王否認接觸甜瓜安東尼　毛加恩：努力
256,[新聞] 甜瓜被傳可能來台！美媒曝他在等籃網
257,[情報] 週年慶刷卡換到兩張12/17特攻對雲豹的票
258,[新聞] 李英宏開幕戰獻唱　台啤英熊盼拿海神祭旗
259,[新聞] 「魔獸旋風」超狂　雲豹母企業股價竟大1
260,[新聞] 魔獸加盟記者會　緯來體育台12日全程直播
261,[情報] 太陽11/26主場門票優惠
262,[閒聊] 桃園永豐雲豹 波蘭巨塔拉佩塔（Adam Lap
263,[閒聊] 根本不用質疑魔獸現在的實力
264,[討論] SBL單洋時期前三好用的洋助人是誰？
265,[新聞] 「魔獸」殺爆台籃？美推特預測單場53分24
266,[討論] 現在SBL才是公益聯盟吧
267,[問題] 請問一下雲豹的老板到底是誰啊
268,[問題] 坐髮香區可以跟球員互動嗎？
269,[新聞] 夢想家主場開幕周 Formosa Sexy新服裝火辣亮相
270,[新聞] 快訊／魔獸霍華德抵台時間公布　10日晚
271,[新聞] 國外球迷祝福魔獸霍華：台灣是個好地方
272,Re: [新聞] 「魔獸」殺爆台籃？美推特預測單場53分24
273,[閒聊] 魔獸來臺灣有可能上誰的節目
274,[情報] 雲豹IG A區進場贈品
275,[閒聊] 黑人現在如果能找林書豪加盟是不是就贏了
276,Re: [閒聊] 黑人現在如果能找林書豪加盟是不是就贏了
277,Re: [閒聊] 黑人現在如果能找林書豪加盟是不是就贏了
278,[新聞] 新「福利女神」現身！啦啦隊正妹低頭自
279,[討論] 桃園要怎麼補強才能贏中信
280,Re: [閒聊] 黑人現在如果能找林書豪加盟是不是就贏了
281,Re: [閒聊] 黑人現在如果能找林書豪加盟是不是
282,[閒聊] 今年最差GM是哪隊??
283,[討論] 中信兄弟二連霸，辜董會砸大錢在特攻嗎？
284,[討論]  中信特攻壓力是不是大了
285,[新聞]獨家／網敲碗魔獸戰《全明星》製作單位認了
286,[討論] 兩聯盟到最後薪資上限會形同虛設？
287,[討論] 現役NBA 可能來台加盟的知名球星
288,[新聞] 掉漆！魔獸霍華德開幕戰　球場爆漏水、電
289,[討論] 職籃球團自蓋籃球館效益是不是很低？
290,Re: [討論] SBL單洋時期前三好用的洋助人是誰？
291,[閒聊] 雲豹搬進國體大 砸錢換計分板、裝潢休息
292,Re: [閒聊] 黑人現在如果能找林書豪加盟是不是就贏了
293,[情報] 魔獸在機場準備來台灣了！
294,[討論] 所以現在T1跟P+誰越做越好
295,[新聞] 魔獸帶起T1職籃狂潮！　台鋼獵鷹開幕戰
296,[新聞] 魔獸加盟登NBA官網頭條 報導讚是「台灣
297,[新聞] 魔獸吸引力強 毛加恩更想爭取林書豪林庭謙
298,Re: [討論] 高承恩會後悔選秀只報名P+嗎？
299,[新聞] 魔獸登機前再度向台灣喊話　霍華德：超
300,[新聞] Dwight Howard's annual salary in Taiw
301,Re: [情報] 12/17特攻對雲豹主場比賽即將完售
302,[情報] 桃園永豐雲豹主場 購退票注意事項
303,[閒聊] 是不是欠錢姊一個道歉
304,[問題] 為什麼板標還是熱身賽？
305,[討論] 全家Famiport上雲豹的比賽還看不到？
306,[閒聊] P+有機會跟T1舉辦明星賽嗎？
307,[閒聊] 大家點進去被問說這季誰復出 有答出來嗎
308,[討論] 桃園雲豹主場有買到票的出個聲
309,[討論] P搞一堆行銷，但真的重要嗎？
310,Re: [新聞] 不怕坐不滿、只怕坐不夠 雲豹獲冠名搶攻親子票房
311,[閒聊] 雲豹前四場主場售票 完售！？
312,[閒聊] 小四真的沒唬爛。
313,[問題] 請問雲豹球團等等會清票嗎
314,[閒聊] 漢堡館除了辦法會還真的可以辦球賽喔
315,[討論] 這是台籃史上最狂搶票熱潮嗎？
316,[新聞] 「魔獸」霍華德太狂！ 雲豹4主場門票秒
317,[閒聊] 先搶票再查雲豹對誰
318,[問題] 請問一下KID ZONE
319,[討論] 魔獸有機會讓T1收視率破1嗎？
320,[閒聊] 可以幫新雲豹迷介紹一下球隊有誰嗎
321,[討論] T1球迷討論區已經各種黃牛了
322,[討論] 台籃新觀眾
323,[心得] 雲豹主場弄起來超像NBA場館
324,Re: [討論] 魔獸有機會讓T1收視率破1嗎？
325,[情報] 鋼鐵人新教頭
326,[新聞] T1》台南獵鷹週六開幕戰門票售罄 宣布「巨型翼龍」阿修羅加
327,[討論] 小蟲威廉斯自幹不傳給魔獸會被噓嗎
328,[新聞] 魔獸吸粉 PLG樂見新刺激
329,Re: [閒聊] 可以幫新雲豹迷介紹一下球隊有誰嗎
330,[問題] 有點不甘心但還是想問
331,[情報] 國王官宣陳世念離隊
332,[討論] 建議雲豹球團剩下場次漲價
333,[情報] 雲豹FB 將推出特種S區場邊席
334,Re: [情報] 雲豹 永豐銀行line 送開幕戰門票
335,Re: [討論] 建議雲豹球團剩下場次漲價
336,Re: [討論] 行銷真的重要嗎？
337,[討論] 拜託雲豹下次漲價或實名制售票
338,[討論] 如果魔獸打第一場就身體不適的話
339,[新聞] 曝！魔獸經紀人曾報價CBA「只有林書豪一
340,[心得] 修喊啦！雲豹這算職業的喔？
341,[新聞] T1》聽到魔獸要來！ 昔SBL最強圖書館員
342,Re: [討論] 拜託雲豹下次漲價或實名制售票
343,[閒聊]  魔獸搶票之亂
344,[討論] 雲豹要怎麼解決黃牛問題?
345,[閒聊] 為何大學比職業球隊還有能力蓋場館？
346,Re: [閒聊] 可以幫新雲豹迷介紹一下球隊有誰嗎
347,Re: [討論] 如果魔獸打第一場就身體不適的話
348,[閒聊] 桃園永豐雲豹例行賽賽程&購票連結
349,[問題] 15000票賣光賺多少？
350,[討論] 雲豹收支問題
351,Re: [閒聊] 為什麼今天t1沒公佈進場人數？
352,[乳模] 鐵板燒師傅去太陽??
353,Re: [問題] 15000票賣光賺多少？
354,[討論] PLG跟T1可參考央聯洋聯模式合併成一個聯盟
355,[討論] P洋將薪資上限是好是壞
356,Re: [討論] P洋將薪資上限是好是壞
357,[討論] 太陽國王交易成真黑人會出來管嗎?
358,[情報] 新北國王FB - 夏姆斯 傑梅洛離隊
359,[新聞] 啦啦隊女神游牛奶海 穿少布料「傲人上圍
360,Re: [討論] 行銷真的重要嗎？
361,[討論] 現在還有T1球隊想跳槽p+嗎？
362,[討論] 會想看魔獸後撤步投三分嗎
363,Re: [討論] P洋將薪資上限是好是壞
364,[新聞] 魔獸霍華德今抵台 台灣職籃躍熱搜
365,[新聞] 新北國王助教陳世念離隊　球團邀他入管
366,[討論] 中信要不要再找一個大洋將扛魔獸？
367,[討論] 黑人會想去看魔獸打球嗎？
368,[心得] 魏嘉豪，暴雨將至
369,[討論] 雲豹禁區484把其他隊拋投投籃封印？
370,[討論] 大家想看魔獸在場上秀出哪招
371,Re: [討論] 雲豹要怎麼解決黃牛問題?
372,[情報] 艾迪FB-Austin Daye將與新北國王簽約
373,[新聞] 「魔獸」霍華德加盟雲豹 教練劉嘉發：本
374,[討論] T1聯盟現在應該要做些什麼
375,Re: [討論] 雲豹要怎麼解決黃牛問題?
376,[情報] 魔獸從首爾起飛往台北囉！
377,[討論] 如果魔獸被吹出場會暴動嗎
378,[閒聊] 夢想家影片 EP01 蓄勢待發
379,Re: [討論] 雲豹要怎麼解決黃牛問題?
380,Re: [問題] 15000票賣光賺多少？
381,[討論] 魔獸的宰制力真的會大於辛巴嗎？
382,[閒聊] 雲豹海神跟國王鋼鐵人該看哪場？
383,[閒聊] 魔獸會上街頭打球嗎？
384,[新聞] 魔獸要來了！抵台暫住飯店曝光 球團林口
385,[閒聊] 小胡YT-是因為P-LEAGUE+球評，所以不能
386,[公告] 水桶
387,[討論] 進雲豹主場是否願意並花多少買球隊週邊？
388,Re: [討論] 行銷真的重要嗎？
389,[問題] 請問桃園雲豹給複數年合約 可行嗎?
390,[情報] 魔獸來台直播
391,[新聞] 魔獸即將抵台 雲豹總教練劉嘉發電話接到手軟
392,[閒聊] 等等如果是黑人跟魔獸一起走出來
393,Re: [乳模] 鐵板燒師傅去太陽??
394,[閒聊] 拿到簽名的是不是超爽
395,[新聞] 霍華德抵台震撼籃壇 會長錢薇娟振奮：讓
396,[新聞] T1》魔獸來了！NBA巨星霍華德晚間搭機抵台
397,[討論] 萬一魔獸來台灣被電爆大家會失望嗎？
398,[閒聊] 這麼親民的魔獸 真的是超級大行銷
399,[新聞] 近500位粉絲熱情接機　霍華德興奮喊：我是超人！
400,[新聞] 效法T1給大咖洋將開特例?毛總籲要從長遠看
401,[閒聊] 難怪我覺得雲豹DD很眼熟
402,[討論] 現在魔獸流量太美好，不安定因素很恐怖吧
403,[閒聊] 台灣籃壇是不是在亞洲可以擠進前三了
404,[討論] T1會不會像當初的TML
405,[閒聊] 真的為了職籃好為啥都不提啊
406,[新聞] 「一定會來!」甜瓜爆加盟台籃 籃壇重量人
407,[新聞] 身為台灣職籃的「曼尼」Howard能給T1帶來
408,[新聞] 幾乎送上整間公司股本 桃園雲豹為何簽下
409,[情報]  魔 獸 降 臨
410,[新聞] 魔獸魅力無法擋！　蘇翊傑考慮調整票價
411,[新聞] 魔獸魅力破台籃最狂紀錄 雲豹開幕戰推估
412,[新聞] UBA／劉丞勳、徐宏瑋發願 健行前往舊鞋
413,[情報] 錢薇娟FB - 爆炸性消息
414,[討論] 甜瓜真的適合來台灣打球嗎
415,[閒聊] 為什麼魔獸不去日韓？
416,[閒聊] 為什麼叫魔獸不是超人
417,[情報] 陳建州FB：一步一腳印，穩扎穩打
418,[討論] 現在FIBA如果插手P頂得住嗎
419,[閒聊] 台籃空窗十年是不是真的很可惜？
420,Re: [閒聊] 拿到簽名的是不是超爽
421,[分享] 魔獸剛剛發IG  一堆名人按讚
422,[新聞] 抵台隔天將投入練球 蘇翊傑讚哈沃德很積
423,[閒聊] 魔獸看到台灣的球場會嚇到嗎？
424,[討論] T1從分一杯羹到真香，板上PLG粉不堅固吧
425,[討論]  花20萬 行銷全世界，這行銷打幾分？
426,Re: [情報] 陳建州FB：一步一腳印，穩扎穩打
427,[討論] 魔獸來台打球是好事.but……
428,[討論] 虎撲高度關注魔獸和台灣的啦啦隊(討論串)
429,[新聞] 上海、廣東都接洽「魔獸」！傳因價碼、
430,[討論] 跨聯盟明星賽
431,[新聞] 魔獸來了！ NBA巨星霍華德搭機抵台
432,[新聞] 哈沃德吸票  如曼尼旋風重現
433,[新聞] 魔獸下榻四星級飯店！僅帶4人隨行　傳
434,[新聞] 魔獸在台年薪破百萬美元 韓媒大嘆：搶不到
435,[閒聊] 目前T1洋將誰扛的住魔獸
436,[閒聊] 魔獸在台灣第1天！早餐曝光「吃一盤水果
437,[問題] 雲豹跟特攻看誰
438,[新聞] 大批球迷熱情接機！「魔獸」霍華德來台
439,[新聞] T1》羨慕魔獸加盟台灣職籃 日本球迷：我
440,[閒聊] 魔獸這操作超賺的
441,[新聞] 甜瓜下一站台灣？籃壇大老曝「一定會來」
442,[閒聊] 其實魔獸還是很有機會去看P的比賽吧?
443,[新聞] 魔獸來台原因！打籃球還是比打摔角好
444,[情報] D.Howard開始練球
445,Re: [討論] T1各主場設備要開始健檢了
446,[新聞] 魔獸穿黑背心秀肌肉了！加盟T1桃園雲豹
447,[討論] PLG 門票是不是該降價了?
448,[新聞] 有空聽嗎？攻城獅推出年度主題曲 高國豪
449,[問題] DH魔獸在台灣休假時會做什麼消遣
450,[情報]  齊來卡app 海神活動
451,[問題] 請益一下 T1有哪些本土球員值得關注
452,[新聞] 三分好準！最敬業的大咖洋將「魔獸」霍
453,[情報] 訂豹UDRIVE 租車 桃園雲豹球票免費送
454,[問題] 現在能自費去雲豹當練習生嗎
455,Re: [情報] D.Howard開始練球
456,[新聞] 霍華德馬上投入訓練！　蘇翊傑感受積極度
457,[情報] 桃園雲豹FB–昨日魔獸抵台 大批粉絲接機
458,[討論] 邰哥是雲豹Jameer Nelson嗎
459,[問題] 魔獸知道自己叫魔獸嗎
460,[討論] 魔獸會不會覺得台灣場地很爛
461,[討論] 蘇翊傑算勉強有資格和魔獸搭配嗎?
462,[閒聊] 鋼鐵人影片EP.1浴血頑強抵抗直至分出勝負
463,[新聞] 魔獸首練結束親民飛吻燦笑　道別粉絲：要變
464,[情報] 臺中太陽FB 艾德華離隊
465,[閒聊] 團隊配合的魔獸還是一枝獨秀?
466,[問題] 誰練習三分比魔獸準
467,[閒聊] 中信跟富邦簽得動甜瓜嗎？
468,[閒聊] 魔獸會吃臭豆腐嗎
469,[討論] 魔獸進攻籃板場均至少30顆吧？
470,Re: [情報] 桃園永豐雲豹主場 購退票注意事項
471,[新聞] 「魔獸」入住高樓層房型僅4間 200x200公
472,[專欄] 從能單換LeBron到落選75大球星！Dwight
473,[新聞] 修繕職業等級球場　蔡適應爭取職業隊冠名
474,[閒聊] 魔獸團練完會懷念老隊友嗎
475,[討論] 前特攻主持黃丹尼VS現任大飛，都幾！
476,Re: [討論] 甜瓜真的適合來台灣打球嗎
477,[新聞] 信仰專訪》孫韻筌鍛鍊南湖女籃團隊文化
478,[新聞] 「魔獸」來襲！雲豹主場有人開3萬求票
479,[閒聊] 愛爾達是不是魔獸來台最大贏家?
480,[新聞] 面對DPOY級的「魔獸」　蔣淯安：可能要
481,[新聞] 澳洲友人關心「魔獸」　海神主帥：令人
482,[新聞] 外傳「魔獸」定居林口 侯友宜力邀至新北
483,[問題] 領航猿的第三洋將有消息了嗎
484,[討論] 戴維斯扛得住魔獸嗎？
485,[新聞] T1魔獸霍華德抵台 蔣淯安爆料隊友逗趣反應
486,[閒聊] 魔獸會跟台灣Youtuber合作拍片嗎？
487,[閒聊] 錢韋成：真的沒有搶布朗
488,Re: [討論] 前特攻主持黃丹尼VS現任大飛，都幾！
489,[新聞] 海神隊教練曾帶隊跟霍華德過招 連澳洲人
490,[新聞] 超舒適！魔獸下榻25坪套房曝光　但「這」
491,[閒聊] P+LEAGUE+ FB
492,[專欄] T1發功，魔獸強襲來台，PLG如何應對？
493,[問題] 魔獸首秀線上轉播數能超過PLG冠軍賽嗎
494,[情報] 宋佩欣 & Kirk 加入本季P+英文轉播團隊
495,[閒聊] 雲豹球團有幫魔獸準備蛋白質嗎?
496,Re: [閒聊] P+LEAGUE+ FB
497,[閒聊] 魔獸來台一直在他旁邊的外國美女是誰?
498,[Live] 世預賽 中國 vs 伊朗 21:30
499,[問題] 西門來台灣敢投三分球嗎？
500,[討論] 魔獸會不會使用後撤步？
501,[live] FIBA 3x3 WT Riyadh 2022(彰化晉級)
502,[閒聊] P+該怎麼合併才能加入T1？
503,[新聞] 首次練球沒架子　霍華德中文喊：我愛你
504,[情報] 桃園永豐雲豹IG Dwight Howard首次訓練
505,[問題] 魔獸和賀夫誰比較高？
506,[心得] 台灣籃球一直以來的瓶頸
507,[閒聊] Dwight Howard 的中文名字
508,Re: [心得] 台灣籃球一直以來的瓶頸
509,[閒聊] 鋼鐵人｜柏智奮力救球後下場第一反應
510,[新聞] 中國球迷還在意淫！「霍華德抵達中國台灣
511,[新聞] 魔獸魅力擋不住！黃牛票價翻20倍　蘇貞
512,[討論] T1六隊現在實力都很難預測吧
513,[閒聊] 鄭瑋敢叫D.Howard上來擋一個嗎？
514,[情報] 波波錢包活動 抽雲豹11/20門票
515,[新聞] 她幫弟弟搶魔獸門票差一步結帳卻被2字難倒
516,[討論] 台啤太陽雲豹團隊哪個比較像魔球？
517,[情報] 愛爾達體育家族 FB
518,[公告] 水桶
519,[討論] 為什麼台籃啦啦隊討論熱度不比中職啦啦隊
520,[新聞] 【獨家】雲豹球團自費整修休息室！11/14起
521,[新聞] 周伯勳力扛魔獸拚了　重量訓練猛操展決
522,[新聞] 魔獸打T1「數據炸裂」？　聯盟MVP蔣淯
523,[新聞] 會對魔獸做「晚安」手勢？蔣淯安透露使
524,Re: [心得] 台灣籃球一直以來的瓶頸
525,[新聞] 魔獸首戰場館「漏水又破舊」！館長點名
526,[閒聊] 贈票 11/13台啤vs太陽
527,Re: [新聞] 【獨家】雲豹球團自費整修休息室！11
528,"[新聞] 霍華德來台恐掀連鎖效應 中媒:林書豪,甜瓜"
529,[情報] T1LEAGUE IG: Game5 #登錄名單
530,[專欄] 魔獸效應能多久？曼尼旋風持續不到3個月
531,[閒聊] P+只剩甜瓜 可以救他了
532,[Live] 永豐雲豹 - Dwight Howard 加盟記者會
533,[新聞] 館長批魔獸首秀場館「老舊又漏水」　桃園雲豹回應了
534,[討論] 魔獸到來會讓國王跟鋼鐵人更好談判嗎？
535,[新聞] 中日韓搶魔失敗 球迷嘆沒錢沒魅力
536,[情報] 雲豹ig-魔獸週邊搶先看
537,[Live] 14:00    新北中信特攻 VS 臺南台鋼獵鷹
538,[Live] PLG 14:30 鋼鐵人vs夢想家
539,[問題] 台籃生態是不是朝向網羅NBA邊緣的球員
540,[討論] 霍華德可以報金鐘新人獎嗎
541,[討論] Davon Reed跟魔獸現階段誰比較強？
542,[討論] 雲豹怎麼突然變行銷教科書了？
543,[閒聊] 誰說Pleague 輸了？
544,[討論] 如果魔獸確診會黑掉嗎
545,[討論] 魔獸記者會的內容讓好感度又提升不少
546,[閒聊] 台籃迷是不是不識貨??
547,[閒聊] 書豪慢了
548,[新聞] 快訊／借雲豹當主場卻被嫌　國體大迎魔
549,[討論]  小四 4不4 台灣看最遠的神GM?
550,[心得] 台灣球員的進場穿搭
551,[閒聊] 林韋翰怒瞪谷毛唯嘉
552,[情報]  永豐雲豹 IG
553,[Live] PLG 17:00 領航猿vs國王
554,[Live] 16:30    高雄全家海神 VS 台啤英熊
555,[閒聊] 雲豹球衣 請求永豐銀行logo弄小…
556,[閒聊] P+這種比賽內容花錢看得下去？
557,[討論] 激動退去 下對一步棋的T1挑戰才剛開始
558,[心得] 這樣才有主客場的氛圍也能製造火花吧
559,Re: [討論]  小四 4不4 台灣看最遠的神GM?
560,[新聞] 「魔獸旋風」效應　台啤英熊收到前NBA球
561,[討論] 波悍能跟馬龍誰比較雷？
562,[BOX ] 22-23 PLG 鋼鐵人 76:84 夢想家
563,[BOX ] T1例行賽 - 特攻 107:104 獵鷹
564,[討論] 國內聯賽罰球爛要用什麼理由解釋
565,Re: [新聞] 館長批魔獸首秀場館「老舊又漏水」　桃園雲豹回應了
566,[閒聊] 接下來雲豹戰術都會圍繞魔獸嗎
567,[新聞] 直言魔獸效應超乎預期 蘇翊傑忙到復出恐
568,[討論] 劉嘉發敢罵Howard嗎?
569,[情報] 今日T1進場人數
570,[BOX ] T1例行賽 - 海神 111:101 英熊
571,[新聞] 霍華德來台後吃過鹹酥雞 台灣小
572,[BOX ] 22-23 PLG 領航猿 91:104 國王
573,[討論] 魔獸看完今天T1比賽後再想什麼？
574,[情報] 今日 盧峻翔
575,[情報] 今日PLG進場人數
576,[討論] pleague最佳新秀是不是要難產了
577,[新聞] 不是來玩的！　霍華德要幫雲豹拿冠軍
578,[新聞] 不只要為雲豹拿T1冠軍！霍華德承諾
579,[閒聊] 今日本土得分上雙
580,[討論] 今日吹判尺度
581,[討論] 陳信安找洋將的效率是不是很差啊...
582,[新聞] 快訊／迎霍華德來台首秀 再次會勘國體大
583,[問題] 哪家媒體最早爆料魔獸會來啊
584,[閒聊] 11/19 林口體大 周邊活動
585,Re: [閒聊] 領航猿正在持續中的不名譽紀錄
586,[閒聊] 明年應該算選秀超小年吧??
587,[新聞] 魔獸健身房合影「火辣女粉」引瘋傳！本尊
588,[新聞] 領航猿首秀輸球　桑尼保證會越來越好
589,[新聞] PLG狀元張鎮衙首秀全掛蛋　領航猿教頭：只是第一場
590,[心得] 11.12 台啤英熊開幕戰
591,[心得] 新北國王VS領航猿進場心得11/12
592,Re: [閒聊] 明年應該算選秀超小年吧??
593,[討論] 領航猿可以不要第四節才發力好嗎？
594,[新聞] 霍華德：「為來台打球連狗都哭給我看」
595,[新聞] MVP榮耀周旗開得勝 國王三分猛轟領航猿
596,[情報] 2008年的今天，魔獸生涯唯一一次大三元
597,Re: [新聞] PLG狀元張鎮衙首秀全掛蛋　領航猿教頭：只是第一場
598,[閒聊] 劉錚如果跟陳盈駿回來是不是就完美了?T1
599,[公告] 水桶
600,[討論] 大家會期待魔獸所說的陰陽合體嗎？
601,[新聞] 魔獸收大禮好開心！禮物竟出自17歲「最美
602,[討論] 魔獸扛的住德古拉嗎?
603,[新聞] 魔獸帶來的改變！體育署幫國體大場館升級
604,Re: [閒聊] 11/19 林口體大 周邊活動
605,[新聞] 魔獸IG發文貼國旗 張建偉:讓世界看到台灣
606,[討論] 張鎮衙最大問題還是在uba待太久
607,[心得] 台鋼獵鷹開幕主場
608,[新聞] 要給霍華德最好的！　國體大與雲豹達成
609,[新聞] 認識霍華德家人 台灣男籃前教頭帕克想
610,[新聞] 有認識的球員打過PLG！ 霍華德：讓我知
611,Re: [討論] 陳信安找洋將的效率是不是很差啊...
612,Re: [討論] 陳信安找洋將的效率是不是很差啊...
613,[新聞] T1聯盟》針對館長批評場館老舊又漏水 國
614,Re: [閒聊] 雲豹球衣 請求永豐銀行logo弄小…
615,[討論] Dwight Howard加盟台籃 親點譯名霍華德
616,[問題] 台灣cp3林韋翰是要選理事長嗎？
617,[新聞] 履行對台灣的承諾！你怎能不愛魔獸
618,[討論] 下一場鉑伊總該上場了吧？
619,[閒聊] 喬治亞KD馬建豪有機會回台發展嗎??
620,[新聞] 期待對決魔獸 吳岱豪想像過爆扣畫面
621,[情報] 安東尼真的要來台灣？台鋼獵鷹證實：積
622,[討論] 台南除了成大沒有職業等級的籃球場館嗎
623,[Live] 14:00    桃園永豐雲豹 VS 臺南台鋼獵鷹
624,[Live] PLG 14:30 勇士vs夢想家
625,[新聞] 魔獸年薪破9千萬！雲豹資本僅7千萬 「背
626,Re: [情報] 安東尼真的要來台灣？台鋼獵鷹證實：積
627,Re: [討論] 台南除了成大沒有職業等級的籃球場館嗎
628,[閒聊] 今年海神的連霸之路很不穩
629,[閒聊] 魔獸為什麼不像小蟲那樣專精籃板?
630,[討論] 台鋼又髒啦
631,[討論] 吳岱豪敢埋魔獸地雷嗎？
632,Re: [閒聊] 今年海神的連霸之路很不穩
633,[閒聊] 台鋼是不是該找周資華來打球
634,[討論] 台鋼484想複製90年代壞孩子活塞軍團!?
635,[閒聊] 魔獸下週會不會被裁判搞到不會打球？
636,[閒聊] 台鋼主場的籃框...
637,[討論] P裁判是吹夠沒？
638,[閒聊] 辛特力+強森還有更強的組合嗎？
639,[討論] 今天台南裁判是在？
640,[討論] 四神在想什麼
641,[Live] 16:30      臺中太陽 VS 台啤英熊
642,[閒聊] 季初不是很多人看好夢想家嗎?
643,[Live] PLG 17:00 攻城獅vs國王
644,[閒聊] 阿吉在場上可以幹嘛？
645,[討論] 扭蛋其實情緒控管不錯吧？
646,[新聞] 還有NBA球星要來！　T1台中太陽證實已給
647,[討論] 為什麼都是T1在挖NBA，PLG都沒啥動作？
648,[討論] T1這樣燒錢 是好事嗎？
649,[閒聊] 富邦陣容怎麼擺都像先發
650,[BOX ] 22-23 PLG 勇士 108:75 夢想家
651,[新聞] 霍華德拍攝宣傳照也有戲！不忘看轉播幫
652,[新聞]魔獸還沒亮相!雲豹隊友對獵鷹球員出拐被趕
653,"[閒聊] 剛剛去運彩店看到永豐雲豹,肘擊紅隊"
654,Re: [討論] T1這樣燒錢 是好事嗎？
655,[閒聊] 今日強森&海報照片 高光
656,[討論] 中信海神怎麼辦
657,[新聞] 士東放話要「投爆魔獸」汪蔚傑曝下週對策
658,Re: [討論] T1這樣燒錢 是好事嗎？
659,[閒聊] 沒人要去接洽KI看看嗎？
660,[新聞] 對岸驚訝霍華德來台 劉嘉發得意：他在我這
661,Re: [討論] T1這樣燒錢 是好事嗎？
662,[閒聊] 新竹攻城獅的防守怎麼了= =
663,[討論] 特壞怎麼一點也不壞？
664,[討論] 平平1+1=4萬 富邦洋將特別強？
665,[新聞] 魔獸效應台籃引爆　台中太陽洽談NBA矮
666,[閒聊] 富邦洋將真的有照薪資規定走嗎
667,[討論] 鋼鐵人爛在那
668,Re: [討論] T1這樣燒錢 是好事嗎？
669,[閒聊] 如果你是P+行銷現在怎解
670,[新聞] 胡凱翔倒數2000分　阿修羅灌壞籃框
671,[新聞] 33分大勝夢想家　富邦勇士收3連勝
672,[情報] 今日T1進場人數
673,[討論] 兩聯盟目前的人氣差距還是沒變啊...
674,[閒聊] 一個人看球，會很奇怪嗎= =...???
675,[閒聊] 書緯道歉大會
676,[閒聊] 今日林書緯
677,[討論] PLG怎麼一夕間多了幾隻後段班隊?
678,[討論] 教練的差距
679,[閒聊] 今日朱億宗
680,[討論] 來預估一下魔獸在T1的場均數據
681,[情報] PLG/T1 戰績表 (2022/11/13)
682,[討論] 富邦冠軍賽的時候可以考慮挑戰PLG聯軍吧?
683,[問題] 台啤 怎麼沒加入P+ ?
684,[討論] 歸化不限名額換薪資上限可行嗎？
685,[情報] 今日PLG進場人數
686,[BOX ] 22-23 PLG 攻城獅 78:113 國王
687,[閒聊] 攻城獅怎麼了？
688,[閒聊] 今日曹薰曖、毛主席
689,[問題] 特工 海神是不是現在是不是很尷尬?
690,[討論] 攻城獅為什麼不要曹薰襄？
691,[閒聊] 還有人覺得設薪資上限有助兩聯盟合併嗎
692,[閒聊] P富邦獨強 T魔獸將登場
693,Re: [閒聊] 書緯道歉大會
694,[新聞] 蔣淯安腿傷缺陣無礙 朱億宗轟30分率英熊
695,Re: [閒聊] 新北國王為什麼會二連敗
696,[情報] 高雄海神加開籃框後方看台
697,[問題] T1比賽為什麼不使用NBA規格的籃框呢
698,Re: [討論] 中信要不要考慮把朱利換掉？
699,[討論] McGee 來台打是不是等於cj
700,[閒聊] 黑人臉書-截至目前線上觀看人數
701,[BOX ] 22-23 T1例行賽–雲豹 100:114 獵鷹
702,[BOX ] 22-23 T1例行賽–太陽 94:109 英熊
703,[新聞] 年薪要魔獸2倍！「甜瓜」安東尼也要來台
704,[閒聊] 為什麼不簽陳盈駿 林庭謙?
705,[討論] 考量中職效應，台鋼兩倍魔獸簽甜瓜也行
706,Re: [情報] 桃園永豐雲豹主場 購退票注意事項
707,[討論] 還有哪些退休的NBA大咖可以找阿？
708,Re: [新聞] 年薪要魔獸2倍！「甜瓜」安東尼也要來台
709,[問題] 為什麼大勝不回鍋加入攻城獅
710,[討論] 國王場邊的電子看板及今天比賽的看法
711,Re: [新聞] 年薪要魔獸2倍！「甜瓜」安東尼也要來台
712,[討論] Steaker受FTX波及 會影響P+嗎？
713,[新聞] 「風城巨獸」大危機！ 辛巴膝蓋腫脹慘拿
714,[討論] 今日本土得分上雙
715,[新聞] 特壞首秀不夠壞？　林冠綸：我很滿意
716,[閒聊] 緯來獨家魔獸專訪 最大咖洋將真情時刻
717,[新聞] 夢想家「魔鬼主場」遭攻破33分慘敗　簡浩
718,[新聞] 楊敬敏「背靠背」超有力秘訣曝光　新賽
719,[新聞] 雲豹險衝突大亂鬥14分吞敗　羅振峰：魔
720,[問題] 有辛巴的隊伍向來本土表現如何？
721,[討論] 洋將能申請就業金卡嗎
722,[影片] T1/簡偉儒與尤楚翔打架雙雙被奪權出場
723,[新聞] 要以魔獸為主軸　雲豹誓言下週搶勝
724,[閒聊] 劉元凱206公分怎麼會沒球打那麼久？
725,[公告] 徵選兩位新板主
726,[新聞] 「台啤老鬼」狂轟30分　朱億宗不當大鎖飆
727,[新聞] 楊敬敏、林書緯投瘋了！ 國王22顆三分球
728,[閒聊] 洋將會不會覺得台灣球員很輕
729,[新聞] 魔獸效應  甜瓜、小刺客、舞王等上菜
730,[公告] 水桶
731,[心得] 總冠軍球迷週末看球趣
732,[新聞] 甜瓜有望隨魔獸加盟！ 中國網友：煩死了
733,[閒聊] 有沒有聊T1的podcast
734,[討論] SBL黑暗期看球是什麼體驗
735,Re: [討論] SBL黑暗期看球是什麼體驗
736,[新聞] 在台灣奪冠高掛球鞋！ 魔獸:可能買房定居
737,[閒聊] 這身材果真不是來玩的！Dwight Howard P
738,[新聞] 被Kobe罵軟蛋、遭謠言中傷　魔獸面對網
739,[情報] 高雄全家海神FB(徐若瑄)
740,[新聞] 新北耶誕城也有球星可看!楊敬敏、曾文鼎
741,Re: [討論] SBL黑暗期看球是什麼體驗
742,Re: [討論] SBL黑暗期看球是什麼體驗
743,[閒聊] 本季攻城獅何時會取得第一勝？
744,Re: [閒聊] 桃園永豐雲豹例行賽賽程&購票連結
745,[情報] 永豐雲豹 - Dwight Howard棚拍花絮搶先看
746,[閒聊] 桃園雲豹的配套宣傳和特種S
747,[閒聊] 艾迪談Earl Clark 跟魔獸
748,[情報] 台中太陽 突然開賣二月的票
749,[新聞] 鋼鐵人啦啦隊女神疑雲從小好動　視舞蹈
750,[專欄] 【專欄／球場第一排】你會為了看特定球星
751,[專欄] 為什麼是台灣？「魔獸」霍華德加盟永豐
752,[情報] 台新夢想家電競主題週
753,Re: [專欄] 【專欄／球場第一排】你會為了看特定球星
754,[閒聊] 台日韓四聯盟的平均進場人數(截至11/14)
755,Re: [專欄] 【專欄／球場第一排】你會為了看特定球星
756,[情報] 歡樂耶誕城運動派對 特務見面會來囉
757,[討論] t1目前近期有反感的地方嗎
758,[新聞] 超人來了！ 雲豹打造魔獸專屬菜單
759,"[討論] 11/19 魔獸首戰 中信特攻, 哪一對會贏呢?"
760,Re: [閒聊] 艾迪談Earl Clark 跟魔獸
761,[新聞] 魔獸場館整修 國體大:11/19賽前全處理完畢
762,[討論] 如果今天魔獸加盟P 艾迪會怎麼寫
763,[問題] 台籃球員會不會從此發球變好
764,[新聞] NBA球員棄中來台？陸媒：CBA影響力下降
765,Re: [討論] 如果今天魔獸加盟P 艾迪會怎麼寫
766,[新聞] 魔獸專屬菜單 體能教練爆料：他還跑贏後衛
767,[閒聊] P在魔獸來台後的反應
768,[情報] 台新夢想家 2022-23 年度形象影片
769,[閒聊] 魔獸IG直播中
770,[閒聊] 台灣以前對體育館建設的不重視
771,[閒聊] 桃園雲豹ig粉絲數即將超越桃園領航猿
772,Re: [新聞] 魔獸專屬菜單 體能教練爆料：他還跑贏後衛
773,[情報] 攻城獅FB — AB的一席話
774,[新聞] 魔獸才來台4天！爆「被中國CBA挖角」總教
775,Re: [閒聊] P在魔獸來台後的反應
776,[討論] NBA的看到魔獸這麼受歡迎，應該會想來台灣
777,[問題] 魔獸看到隊友架拐子，心理有何感想？
778,[閒聊] 霍華德3分球明明很準 為啥在NBA要藏?
779,[新聞] 魔獸直播嗨玩夾娃娃機 預告明天行程
780,Re: [閒聊] 魔獸IG直播中
781,Re: [情報] 攻城獅FB — AB的一席話
782,[情報] P.League+ FB 粉紅絲帶
783,[新聞] PLG總經理球員一起玩！夢想家推電競主題周
784,[閒聊] 周伯勳談陽台事件
785,[新聞] NBA追星大戰靜悄悄 PLG執行長陳建州怎看?
786,Re: [閒聊] P在魔獸來台後的反應是不是都偏酸？
787,Re: [閒聊] P在魔獸來台後的反應是不是都偏酸？
788,[專欄] DH加盟 四個面向告訴你此事對聯盟影響！
789,[Live] 中國 vs 巴林 世預賽
790,[情報] 國王學院開課 NBA訓練師
791,Re: [專欄] DH加盟 四個面向告訴你此事對聯盟影響！
792,[閒聊] 峰哥真的不打了？
793,[問題] T1比賽有攜帶相機的規定嗎?
794,[新聞] 曾和霍華德對位　牧倫斯：他能在這打出
795,[新聞] 不搞銀彈攻勢 PLG票房待考驗
796,[問題] 想請問T1聯盟比賽平均用時
797,[新聞] 台職籃再鎖定一位NBA球星！
798,[情報] #雲豹棲息地 #地板搶先看
799,[公告] 水桶
800,[閒聊] 霍華德遊台灣
801,[新聞] 魔獸效應！民權鬥士坎特也可能來台？
802,[情報] 臺中太陽IG  參與市府形象影片
803,[情報] 喬伊斯悼前副手逝世 全隊給予教練安慰
804,[新聞] 魔獸出巡夜市狂吃美食！一聽是雞屁股嚇
805,[新聞] 甜瓜也來? T1狂追NBA球星 陳建州曝PLG決定
806,[新聞] 迎接魔獸首戰 雲豹主場地組裝完成
807,[討論] 假設T真的有至少四隊請來nba球星？
808,[情報] P+ Week2 單週 MVP 強森
809,[新聞] 魔獸NBA級操練 喊奪冠定居台灣
810,[情報] 新竹街口攻城獅主場全面開放飲食
811,[新聞] 快訊／AD降臨PLG新北國王！　NBA馬刺冠軍
812,[情報] 館長陳之漢FB - 雲豹籃球隊 與NBA魔獸
813,[新聞] 魔獸好暖 團隊訓練關心隊友傷勢
814,[閒聊] 關於洋將薪資上限
815,[新聞] 台灣成籃球天堂！坎特來台有譜？
816,[新聞] T1》國體大回應館長了！強調租用場館有誤
817,[閒聊] 德威 vs 魔獸 (幾幾波
818,[專欄] 霍華德帶來防守端大衝擊 提升台灣籃球檔
819,[情報] 「魔獸」霍華德首戰 出示 aifian 頁面送
820,[閒聊] 雲豹IG-魔獸正式參與球隊全場練球
821,Re: [情報] 高雄海神加開籃框後方看台
822,[閒聊] 個人繪畫創作—歡迎魔獸來台
823,[心得]  11/13 攻城獅vs國王 新莊主場
824,[新聞] 剉咧等？再4天就要對決魔獸　「大房東」
825,Re: [閒聊] 關於洋將薪資上限
826,[新聞] 誰比魔獸更大牌？T1爭搶NBA名將效益或遞減
827,[閒聊] D.Howard練球表現
828,[新聞] 魔獸來台主場風波 國體大發聲明駁斥館長
829,[討論] 魔獸首場數據多少才符合期待？
830,Re: [Live] T1》國體大回應館長了！強調租用場館有誤
831,Re: [討論] 魔獸首場數據多少才符合期待？
832,[專欄] 油箱還有多少油？Howard能為雲豹帶來多大
833,Re: [專欄] 油箱還有多少油？Howard能為雲豹帶來多大
834,[問題] 國體雲豹主場如何前往?
835,Re: [討論] 魔獸首場數據多少才符合期待？
836,Re: [討論] 魔獸首場數據多少才符合期待？
837,[閒聊] 富邦勇士 | 11.13客場紀錄影片
838,[新聞] 陳時中自曝必看NBA　號次12號「可能魔獸
839,[新聞] 不演了！魔獸爆扣狂虐禁區　防守球員宛
840,Re: [Live] T1》國體大回應館長了！強調租用場館有誤
841,[新聞] 魔獸不知他遭轟3槍！館長瞞暴瘦27公斤內幕
842,Re: [討論] t1目前近期有反感的地方嗎
843,[新聞] 國體大聲明批4點造謠！　館長暴怒：本
844,[新聞] 霍華德帶來防守端大衝擊 提升台灣籃球
845,[討論] 魔獸真的可以發揮出來嗎？
846,[新聞] 被爆料將來台加盟T1職籃？　湯瑪斯：我
847,[討論] 獵鷹把第二主場設在哪裡比較可行？
848,[專欄] 特稿｜T1打了「魔獸」這劑強心針　掀全
849,[專欄] 盤點「魔獸」來台造成的七大效應：門票
850,[新聞] 「魔獸」列車啟動！雲豹能源申請台灣創
851,[討論] PLG》新秀互投 新人王會是誰？
852,[專欄] 你所不知的球星霍華德─7胎流產後的奇蹟
853,[閒聊] Dwight Howard ig隊內炸魚
854,[新聞] 「魔獸」降臨　桃園永豐雲豹斥資500萬！
855,[討論] 台中太陽真的有能力簽矮湯嗎
856,[新聞] 雲豹桃園隊一百天搶魔獸實錄：戰績倒數、
857,[閒聊] 台灣魔獸要換人啦
858,Re: [閒聊] Dwight Howard ig隊內炸魚
859,[專欄] 【收視數字看職籃】PT聯盟H2H (至11/13)
860,[新聞] SBL裕隆新賽季　周士淵復出擔任隊長
861,[新聞] 魔獸來台趴趴走「都沒戴口罩」王必勝：
862,[新聞] 霍華德練球飛身灌籃　影片連歐尼爾也分享
863,[新聞] 攻城獅開幕週　宇宙人與麋先生輪番開唱
864,[閒聊] 少女心魔獸
865,[閒聊] 台啤英雄有實力簽下JR 神經刀嗎
866,[情報] 桃園永豐雲豹籃球隊聲明
867,[新聞] 館長猛批國體大球場　雲豹突聲明:魔獸非館
868,[情報] 雲豹FB 3.4月門票開賣
869,[閒聊] 所以限制洋將是不是打臉自己!?
870,[新聞] 魔獸發大財！雲豹宣布3、4月門票「翻倍價
871,[情報] 臺中太陽新官網正式加入T1宇宙！
872,[情報] T1賽事判決公告(G07)
873,[情報] 台新夢想家全新應援款、美式復古系列商品
874,[閒聊] P+洋將簽誰能打贏富邦？
875,[討論] 劉嘉發教練的英文
876,Re: [討論] 劉嘉發教練的英文
877,[新聞] 領航猿推出「桃園市民航線」憑桃園市民
878,[新聞] 霍華德引熱潮 陳將双更想看「甜瓜」安東尼
879,[新聞] 票價翻漲3倍！桃園雲豹公布最新售票資訊
880,[新聞] 魔獸來台讓場地問題成焦點 職籃工會發聲
881,[情報] 職籃工會聲明
882,[閒聊]  魔獸開吃播
883,[新聞] 劉孟竹看好高錦瑋　已達職業等級
884,[閒聊] 1119 魔獸第一場 全世界都在看
885,[情報] T1啟動英文轉播
886,Re: [討論] 魔獸首場數據多少才符合期待？
887,[新聞] 魔獸降臨最怕塞車?李逸驊提醒球員早點出門
888,[新聞] 總教練被爆「帶不動魔獸」知情人士吐實了
889,[閒聊] 緯來訪問魔獸今天練習狀況
890,[情報] Pilots飛行紀錄 新賽季展現全新的領航猿
891,[公告] 水桶
892,[討論] DH明天吃什麼
893,[新聞] 魔獸首戰T1啟動英文轉播 前教頭帕克當球評
894,[新聞] 熱血燃燒鬥志!HBL高中籃球聯賽本周六開打
895,[情報] 新北國王IG 奧帝抵達台灣
896,[公告] basketballTW 板 開始舉辦樂透!
897,[新聞] 魔獸首開金嗓！吃鍋幫「鄰桌正妹」慶生
898,[新聞] 魔獸效應讓台籃球場問題發酵　職籃工會
899,[新聞] 最強高中生陳將双拚UBA冠軍　教頭大讚
900,[討論] T1 是否有老CBA 的感覺
901,[新聞] 魔獸首發超人秀 特攻嗆「不超過20分」
902,Re: [討論] T1 是否有老CBA 的感覺
903,[新聞] 考驗來了！對抗「魔獸旋風」 陳建州喊話
904,[新聞] 霍華德練球熱絡氣氛 「花式小褲」反差萌
905,[新聞] 改變再出發 台體男籃重返公開一級戰場
906,[新聞] 萬能上屆隊史最佳今年多主力畢業 吳奉晟
907,[新聞] 驚爆！差點來台的T1洋將被捕 前NBA球員
908,[新聞] 「矮湯」Isaiah Thomas合約要求曝光！天
909,[問題] 11/19雲豹主場kid zone加價問題
910,[新聞] 本週力抗魔獸狂潮 執行長陳建州霸氣喊話
911,Re: [新聞] 「矮湯」Isaiah Thomas合約要求曝光
912,[新聞] UBA「絕對可以！」 大專籃球聯賽各級冠軍
913,[新聞] 傳加入台籃?「矮湯」狠撕累贅標籤 霸氣喊
914,[情報] 雲豹FB 開幕週A7計程車去程憑票接駁
915,[新聞] 陳子威想看魔獸本尊 帶動外籍生來台意願
916,[新聞] 大讚魔獸很謙虛！隊友曝首次搭配感想
917,[新聞] 北護女神也會跳「陳子豪炸裂」!謝偉平爆
918,[新聞] 8千萬球場啟用不到1年！地上驚見「整盒套
919,[專欄] 魔獸效應持續發燒 為什麼臺灣職籃正成為
920,[新聞] 球迷轟「蹭魔獸」陳時中道歉：剛好都12號我也很高興
921,[新聞] 「魔獸」旋風襲捲國立體大　桃捷提供便
922,[新聞] 魔獸無罩趴趴走惹議 莊人祥：球團表達會配
923,[閒聊] 星期六新北中信應該還是輾壓魔獸雲豹吧!?
924,[閒聊] 魔獸到底是親和還是大脾氣？
925,[新聞] 倒數2天！魔獸首秀周六登場　國體大今公
926,[新聞] 黃萬隆談魔獸：可主宰全台灣所有聯盟
927,Re: [新聞] 倒數2天！魔獸首秀周六登場　國體大今公
928,[情報] 夢想家新任助理教練－陳世念
929,[情報] 桃園永豐雲豹MC主持人-威廉
930,[情報] 11/19 20 T1YT將有賽後記者會直播
931,[新聞] 最紅啦啦隊出道 性感全身 「被包」吸金
932,[討論] NBA 大咖進場是不是也有講究
933,[閒聊] 高雄鋼鐵人｜鋼鐵出任務 招募打猴
934,Re: [討論] 魔獸首場數據多少才符合期待？
935,Re: [情報] 11/19 20 T1YT將有賽後記者會直播
936,[問題] 詢問國體漢堡館周圍停車
937,[情報] 張立群臉書 《賽事規則》
938,[新聞] 再2天激戰魔獸! 特工總教練用「粉身碎骨
939,[新聞] 霍華德攜40雙鞋來台 不怕萬一鞋壞買不到
940,[情報] 雲豹棲息地  特種S區售票資訊
941,[閒聊] 魔獸很有喜感，會走巨石強森路線嗎？
942,[新聞] 告別國王後　陳世念重回夢想家教練團
943,[新聞] 扛下雲豹主持棒 廖威廉希望霍華德喜歡台灣
944,[情報] 富邦勇士X貓貓蟲咖波 聯名主題週&聯名服飾
945,Re: [討論] T1 是否有老CBA 的感覺
946,[乳摸] 領航猿新洋將?
947,[討論] UBA外籍生整理
948,[閒聊] 有點想辦新北國王的聯名卡
949,[情報] 艾迪 FB - 賈西亞加入新加坡聖公文化
950,[影片] 皇家週記 W1 - 楊敬敏 MVP 主題週
951,[閒聊] 美國運動網分享 Howard逛夜市的影片
952,[新聞] TOYOTA 擴大贊助 T1、UBA 及 HBL 各級籃球
953,[新聞] 雲豹「切割」代言成吉思汗 館長首度回應
954,[新聞] 連霸淡商有女版魔獸？陳美莉妙回:背號不同
955,[閒聊] 魔獸現在是人生巔峰嗎
956,[公告] 水桶
957,[閒聊] 大家覺得台灣職籃有幾隊是最好的？
958,[新聞] 魔獸一下車大媽大吼「這不是NBA魔術強森嗎
959,[新聞] 前松山巨塔于泓凱前進NCAA　確定成陳盈
960,[新聞] 欣賞「魔獸」 光復教頭陳定杰買票支持
961,[討論] 魔獸比賽在台灣收視率有可能贏過世界盃嗎?
962,[閒聊] 明天有機會看到巴西跟陳建銘合體技嗎？
963,[LIVE] 111UBA 女子組預賽 第一階段 11/18賽程
964,[新聞] 魔獸魅力無法擋！雲豹特種S區168000元完售
965,[情報] 2023年 SBL20th WSBL18th 熱身賽賽程
966,[新聞] 魔獸外交成功！霍華德吃雞屁股獲熱議
967,[討論] 明天特攻對付雲豹的方法
968,[討論] HBL的制度是在培養人才還是消耗人才
969,Re: [閒聊] 桃園永豐雲豹例行賽賽程&購票連結
970,Re: [討論] 明天特攻對付雲豹的方法
971,[討論] 大家有搶到票嗎
972,[閒聊] 明天魔獸會體驗到臺灣的問天嗎？
973,[新聞] 魔獸狂潮！雲豹明年主場1500元門票15分鐘
974,[新聞] 被譙蹭魔獸熱度！館長氣炸反擊「威爾史密
975,[問題] 攻城獅門票確診退票機制
976,[討論] 如果P+票房沒影響是代表籃球市場夠大？
977,[閒聊] 明天第一篇魔獸在想什麼何時會出現
978,[情報] 台鋼獵鷹貝爾飛特生日快樂
979,[新聞] 魔獸雲豹首秀明登場　直擊霍華德練球現
980,[討論] 強森的觀賞性真的高於魔獸嗎
981,[新聞] 啦啦隊正妹泡湯照流出！全身只靠1條毛巾
982,[閒聊] NBA的球星來台灣打球
983,[新聞] 特攻嗆不讓他首秀超過20分 魔獸超霸氣
984,[情報] 魔獸ig直播中
985,[情報] 永豐銀行【豹會猜】預測比賽結果，抽「
986,Re: [情報] 雲豹棲息地  特種S區售票資訊
987,[新聞] 有信心率領雲豹贏球？ 霍華德反問媒體
988,Re: [新聞] 有信心率領雲豹贏球？ 霍華德反問媒體
989,[新聞] 想搭機捷看「魔獸」內行網友：可能上不了
990,[情報] 本週#雲豹棲息地 主場資訊
991,[新聞] 不在乎首戰數據多寡　魔獸全力帶隊搶勝
992,[情報] Taoyuan Leopards球衣鑰匙圈五件組
993,[新聞] T1》霍華德帶來NBA觀念 雲豹備戰做調整
994,[新聞] 首次在媒體面前練投　霍華德手感冰冷15投
995,[新聞] 雲豹球場驚見摩天輪、旋轉木馬16.8萬限量
996,[討論] 正式上場前對魔獸來台最深刻的印象是？
997,[新聞] 球都給魔獸？雲豹教頭透露戰術：他非常願
998,Re: [新聞] 想搭機捷看「魔獸」內行網友：可能上不了
999,[新聞] 霍華德可創造外線更多機會 盧捷閔：只怕沒球投
1000,[討論] 2022-23 PLG、T1聯盟各隊主視覺整理
1001,[新聞] 魔獸狂潮2天3萬人大考驗 蘇翊傑：人群跟車
1002,[情報] Drew Hanlen 帶給禁衛軍短期的調整
1003,[新聞] 魔獸明台籃首秀「餐點」曝光！有現切牛
1004,[分享]  俠客再次分享魔獸逛夜市動態
1005,[新聞] 無視嚴防與數據！魔獸只在乎勝利和雞屁股
1006,[閒聊] 劉嘉發看到魔獸怎麼都笑笑的
1007,[心得] 籃球、運動攝影心得分享
1008,[情報] 台啤英雄新洋將?
1009,[問題] 請問桃園雲豹魔獸首戰電視哪台有轉播？
1010,[新聞] 談魔獸加入雲豹　鄭瑋：最好的化學效應
1011,[情報] 永豐雲豹 Dwight Howard全系列商品 首賣
1012,[討論] 魔獸有可能全數據聯盟第一嗎
1013,[新聞] 特攻放話限制表現 「魔獸」霍華德把個人
1014,[新聞] 超人披風！魔獸首戰周邊曝光 營收估破百萬
1015,[情報] 桃園雲豹主場休息室
1016,[閒聊] 本週 PLG 觀賽重點
1017,[新聞] 世新女籃5名球員得分上雙 UBA首戰輕取北商
1018,[討論] 明天會是最多人看職籃的時候嗎？
1019,[閒聊] 就是愛看魔獸虐菜啦[發錢]
1020,[情報] 劉孟竹與德古拉將擔任明日雄鷹開球嘉賓
1021,[情報] 艾迪FB - 厄力(早哥)即將重返台灣籃壇
1022,[專欄]Howard將帶領台灣籃壇邁向接軌國際的元宇宙
1023,[情報] 桃園雲豹賣水壺 前300名還送門票
1024,[情報] 鋼鐵人開幕週 中場活動
1025,[討論] DH IG: 毛總要出手了嗎
1026,[討論] 關於職業球隊例行賽的場次
1027,[討論] 魔獸練習的命中率有點低？
1028,Re: [討論] 關於職業球隊例行賽的場次
1029,[新聞] 明台灣處女秀　魔獸宣示：已準備好奪勝
1030,[新聞] 魔獸與PLG毛加恩聚會！有人手拿酒 雲豹經
1031,[發錢] 在台籃板猜魔獸在台籃板
1032,[問題] 台籃小球？
1033,Re: [新聞] 魔獸與PLG毛加恩聚會！有人手拿酒 雲豹經
1034,[討論] 陰謀論？
1035,[LIVE] 111UBA 女子組預賽 第一階段 11/19賽程
1036,[閒聊] T官方應該邀請黑人來看雲豹比賽吧
1037,[專欄] HBL全能數據 有身材天賦的一代最強高中生
1038,[新聞] 雲豹休息室一周大改造擺脫「垃圾場」豪
1039,[新聞] 霍華德首秀前和PLG毛加恩同框 還有人拿酒
1040,[新聞] 不來台灣了？I.Thomas被爆加盟職籃聯盟
1041,[情報] 特攻公告 DEA GAMEDAY ALERT
1042,[情報] One事都可聊 Ep12 預告
1043,[閒聊] T1LEAGUE特攻VS雲豹賽前現場回報文
1044,[發錢] 今日中信特攻贏球就發錢！
1045,[Live] 16:30 新北中信特攻 VS 桃園永豐雲豹
1046,[討論] 為什麼台籃出那麼多最強高中生與魔獸，
1047,[閒聊] 如何有效對抗魔獸
1048,[發錢] 今天魔獸比賽會破觀看人數紀錄嗎？ 已發
1049,[Live] PLG 14:30 國王vs夢想家
1050,[討論] 沒彈性的薪資規範比較好嗎？
1051,[問題] 桃園雲豹今天現場還有售票？
1052,[公告] Live文發文時間 & 水桶
1053,[閒聊] Q是不是被自己隊友害到了?
1054,[新聞] 魔獸台籃處女秀下午4點半登場 賽前興奮
1055,[閒聊] 桃園雲豹現場有售票（目前還有）
1056,[討論] 2022魔獸Howard T1首戰:猜勝負跟魔獸數據
1057,[閒聊] 魔獸是不是認真又親民？
1058,[Live] PLG 17:00 鋼鐵人vs攻城獅
1059,[新聞] 15000人迎魔獸首秀　林秉聖嗆聲：讓漢堡
1060,[討論] 會唱國歌嗎？
1061,[討論] 為何沒有記者採訪阿巴西如何面對魔獸呢？
1062,[閒聊] 謝謝魔獸
1063,[閒聊] 雲豹哪來勇氣找廖威廉當MC
1064,[問題] Howard沒有大合照走人會不會被臭
1065,[閒聊] 主持人沒有更好的選擇嗎
1066,[問題] 請魔獸來打球多久可回本？
1067,[心得] 我終於知道為什麼夢想家要找老吳了
1068,[閒聊] 雙北T1球隊對雲豹有考慮去租小巨蛋嗎
1069,[討論] 雲豹威廉斯在自幹什麼？又不是來看他
1070,[情報] 魔獸初登場 yt直播數破台籃紀錄了
1071,[討論] 威廉會不會太高調......
1072,[問題] 雲豹什麼時候要考慮放現場音
1073,[閒聊] 魔獸484不太行
1074,[問題] 因為威廉而快看不下去正常嗎
1075,[問題] 這個現場的到底是球迷還是Dj
1076,[閒聊] 魔獸來台灣改打其他位置了嗎？
1077,[閒聊] 這就是雲豹的球風嗎
1078,[討論] 魔獸還可以這樣一打四多久？
1079,[閒聊] 威廉是念「豬howard」嗎???
1080,[閒聊] 各位覺得今天T1比賽內容如何？
1081,[討論] 雲豹後衛?
1082,[閒聊] 雲豹教練團??
1083,[討論] 蘇翊傑勒
1084,[閒聊] 第1節結束 阿巴西刷18分 魔獸得2分
1085,[心得] 雲豹魔獸首發第一節好看嗎
1086,[討論] 雲豹什麼時候才能火掉威廉斯？
1087,[討論]  為什麼T1聯盟的三分球這麼準
1088,[閒聊] DJ和雙威廉是不是要毀了比賽
1089,[閒聊] T1這是負面宣傳嗎
1090,[討論] T1最大的敗筆是不是都不在場上
1091,[閒聊] 雲豹要不要再買一個控衛
1092,[閒聊] NBA好牌打成鳥樣
1093,[新聞] 你看哪一場？魔獸首秀線上轉播破18萬人
1094,[閒聊] 黑人是不是爽死
1095,[討論] 雲豹教練的功用是什麼？
1096,[閒聊] 你們希望魔獸去哪隊？
1097,[閒聊] 喔呼～喔呼～
1098,[討論] 國外球員或媒體會怎麼評價台灣籃球
1099,[閒聊] 戰績太差魔獸會想走人嗎
1100,[問題] 字母哥或KD來雲豹真的能Carry嗎？
1101,[閒聊] 為啥感覺雲豹現場觀眾沒那麼high
1102,[討論] 雲豹是不是除了魔獸以外，隊友真的太雷
1103,[閒聊] 籃球終究是團體運動
1104,[閒聊] 垃圾時間還要上魔獸嗎
1105,[閒聊] 主持人？？？
1106,[討論] 雲豹本土根本悲劇吧？
1107,[討論] T1的防守看起來都紙糊的吧...
1108,[討論] 桃園雲豹後衛
1109,[討論] 魔獸的Highlights 要怎麼剪
1110,[閒聊] 雲豹門票不漲價是對的
1111,[閒聊] 魔獸是不是感受的正港台灣文化了？
1112,[討論] 中信是不是蠻衰的？
1113,[討論] 魔獸今天會怎麼評價阿巴西？
1114,[閒聊] 不讓魔獸拿20分
1115,[閒聊] 雲豹要贏是不是球都給魔獸就會贏?
1116,[討論] 雲豹這場是主打雷單打+吵人主持嗎
1117,[討論] 雲豹不是有團練過球了嗎？
1118,[閒聊] 小四復出是唯一解吧？
1119,[閒聊] 第二節還沒打完 阿巴西半場已經刷31分了
1120,[問題]  這場中信特攻是不是最大贏家?
1121,[討論] 阿巴西有機會成為本土進軍NBA第一人嗎
1122,[討論] 魔獸跟強森 選誰
1123,[問題] Howard 這樣算問天嗎
1124,[討論] 雲豹半場打得是否跟系隊有得比
1125,[閒聊] 看雲豹的現場觀眾現在在想什麼？
1126,[討論] 主持人不要一直喊Howard
1127,[新聞] 沒有「球給魔獸」　劉嘉發收穫多
1128,[閒聊] 劇本是不是都幫魔獸寫好了？
1129,[閒聊] 台灣籃球強度高/球速度快是真的嗎?
1130,[心得] 為了魔獸第一次看T1
1131,[討論] T1隊伍間的平衡484很差
1132,[心得] 上半場觀賽highlight回顧
1133,[閒聊] DH還會覺得雞屁股好吃嗎？
1134,[閒聊] 今年魔獸帶球隊奪冠的話，是否最純冠軍？
1135,[閒聊] 如果你是魔獸
1136,[討論] 中信往死裡打會不會太過頭了
1137,[閒聊] 阿巴西要感謝魔獸
1138,[閒聊] 是隊友問題，還是魔獸問題....???
1139,Re: [閒聊] 看雲豹的現場觀眾現在在想什麼？
1140,[閒聊] 雲豹拜託去找個控球後衛好不好
1141,[閒聊] 這季現場看PLG同時YT看T1是否最佳解
1142,[討論] 魔獸沒有NBA要的原因
1143,[討論] 有沒有人突然覺得林書豪很強
1144,[閒聊] 雲豹進攻很少有24秒打完的?
1145,[討論] 魔獸證明籃球光靠一個人是沒有用的？
1146,[問題] 想問一些關於本土球員的問題
1147,[閒聊] P+執行長現在在想什麼？
1148,[討論] NBA球星看完這場比賽會說什麼？
1149,[閒聊] 魔獸應該會待到明年吧
1150,[閒聊] 大家希望下半場是什麼劇本
1151,[討論] 現階段的阿巴西比巔峰陳信安強了吧？
1152,[閒聊] 威廉是黑人派去的嗎= =......????
1153,[討論] 雲豹還缺了什麼？
1154,[閒聊] 魔獸是不是還在試探
1155,[閒聊] 今天賺到的其實是不是中信特攻？
1156,[問題] P+現在是不是嗚呼笑
1157,[討論] 找統神來主持會更好嗎
1158,[討論] 雲豹是不是該再簽一下矮湯來
1159,[閒聊] 魔獸強森?
1160,[閒聊] 不要讓他過不要讓他過
1161,[討論] 魔獸沒有不好只是球風早改變了
1162,[問題] 魔獸會喊吹密嗎？
1163,[問題] 魔獸直接走下場？？
1164,[討論] 嗚呼，球給霍華德484正解？
1165,[閒聊] 雲豹那些人是田徑隊來的嗎？
1166,[新聞] 饗食天堂人氣美饌款待霍華德 魔獸頂級賽
1167,[閒聊]  夢想家怎麼了
1168,[閒聊] 嗚呼嗚呼嗚呼嗚呼嗚呼
1169,[討論] 嗚呼會變成今年台籃代名詞嗎？
1170,[閒聊] 目前觀看體驗大家給幾分
1171,[問題] 一直有喇叭聲?
1172,[閒聊] 辛巴是不是比魔獸更猛？
1173,[閒聊] 雲豹賽後會不會被秋後算賬啊？
1174,[閒聊] 魔獸現在在想什麼
1175,[討論] 主場球迷對雲豹其他球員是不是很冷淡...
1176,[閒聊] 是魔獸會先不耐煩還是台灣人會先厭倦
1177,[討論] 投歪Howard？
1178,[閒聊] 請問現在不流行爵士隊打法嗎?
1179,[討論] 雲豹該簽林書豪了吧？
1180,[討論] 威廉斯
1181,[問題] 大房東經柴真的強
1182,[討論] ㄧ獸四射
1183,[討論] 霍華德開始被操了？ #嗚呼
1184,[討論] 魔獸問天
1185,[閒聊] 中信是瞧不起雲豹外線嗎？
1186,[閒聊] 鋼鐵人鉑伊到底是怎麼被看上的
1187,[閒聊] 籃球摸骨要不要摸一下自己老公
1188,[討論] 林志彥是不是其實不錯
1189,Re: [問題] 魔獸這幾天某運動做太多? 腿有點軟耶
1190,[問題] 雲豹追到只差9分了？
1191,[閒聊] 其實三節看完，howard真的很強
1192,[閒聊] 魔獸在CBA會被虐爆吧？
1193,[BOX ] 22-23 PLG 國王 101:89 夢想家
1194,[閒聊] 發現女性觀眾很多！
1195,[討論] 這種比賽不用太意外
1196,[討論] 威廉斯下去，雲豹順多了...
1197,[討論] 雲豹的DJ音樂是不是只會放夜店嘻哈？
1198,[問題] 寶寶教練怎不噴霍華德不回防？
1199,[閒聊] 雲豹後衛拿到球都往前衝幹嘛
1200,[討論] 果然威廉斯下去就順了
1201,[討論] 魔獸不讓了？
1202,[討論] 魔獸要把自己當LBJ吧
1203,[閒聊] 魔獸快雙二十、大三元了
1204,[討論] 魔獸是不是超值？
1205,Re: [討論] 魔獸不讓了？
1206,[問題] 魔獸是雲豹持球最好的後衛嗎？
1207,[閒聊] 魔獸是不是在解成就？嗚呼
1208,[發錢] 今天雲豹逆轉勝 開發啦
1209,[閒聊] DH48每場都這樣打魔獸多久會被操壞
1210,[閒聊] 黑人現在在想什麼 ?
1211,[討論] 魔獸在觀察吧
1212,[閒聊] 這場是台灣職籃史上收入最高的一場嗎
1213,(已被yangmie刪除) <jimmysinb> 超貼
1214,[討論] 威廉斯
1215,[討論] 雲豹球員也不是一無是處
1216,[閒聊] 這場比賽現場看值回票價了吧
1217,[討論] 下半場可圈可點吧
1218,[討論] 把威廉斯換掉雲豹還是大有可為吧
1219,[閒聊] 這場有超過100塊的價值了嗎
1220,[討論] 還好全力獸是加入雲豹
1221,[討論] 這DJ怎麼尬成這樣啊？
1222,[問題] 豪爾是不是在台灣玩開了
1223,[討論] 希望雲豹可以注意比賽以外的地方
1224,[討論] 特攻的劇本是不是快翻車了
1225,[討論] 這爆扣他媽NBA水準了吧
1226,[閒聊] 魔獸根本在演吧
1227,[閒聊] 有人後悔沒買到這場票了嗎
1228,[閒聊] 人氣:21702
1229,[閒聊] 霍華德我的超人
1230,[閒聊] 光哥現在在想什麼？
1231,Re: [討論] 這爆扣他媽NBA水準了吧
1232,(已被yangmie刪除) <jimmysinb> 超貼
1233,[問題] P+這一萬人是不是死忠的
1234,[閒聊] 今天的魔獸各位給幾分？
1235,[情報] 今日霍華德
1236,[閒聊] A區怎麼這麼多空位啊？
1237,[新聞] 魔獸魅力爆棚PTT「台籃板」超越八卦板
1238,[問題]  請問罰球要敬禮嗎
1239,[情報] 今日魔獸 Dwight Howard  38分 25籃板
1240,[閒聊] 靠哨子贏的 到底有什麼好吹捧的
1241,[閒聊] 魔獸台灣首戰劇本 大家給幾分？
1242,[閒聊] 所以前面是在讓就對了？
1243,[新聞] 霍華德38分25籃板　率雲豹落後25分大逆轉
1244,[問題] 阿巴西這場是不是雖敗猶榮？
1245,[討論] Howard 484 不想贏太多
1246,[問題] NBA先發球員在台都能打的像KD嗎？
1247,[討論] 雲豹會跟攻城獅一樣嗎？
1248,[閒聊] 欸 技術犯規怎麼給魔獸罰?
1249,[討論] 威廉斯跟教練是不是該打包換掉了啊？
1250,[閒聊] 魔獸明天會上嗎？
1251,[討論] 都這樣的內容5000元S席 雲豹可以再加吧
1252,[問題] 魔獸是不是左肩受傷了
1253,[新聞] 魔獸38分25籃板9助攻　雲豹不可思議延長
1254,[討論] 霍華德有小四會打更爽嗎
1255,[討論] 看完這一場大家學到了什麼？
1256,[閒聊] 台灣的球褲是不是很鬆?
1257,[討論] 魔獸延長賽空中接力爆灌
1258,[討論] 霍華德打完已經笑不出來了
1259,[閒聊] 第三節魔獸有一球2分算3分
1260,[閒聊] 這場是經典41分推嗎
1261,[閒聊] 魔獸第一戰看到隊友表現感想會如何?
1262,[討論] 魔獸帶領T1一起逆轉
1263,[閒聊] 今晚魔獸處女秀劇本誰寫的 這麼精彩？！
1264,[閒聊] 魔獸現在知道記者是認真的嗎?
1265,[閒聊] 這樣看來誰誰誰有機會挑戰NBA是不是笑話
1266,[閒聊] 中信是不是輸了面子贏了裡子？
1267,[討論] 羅振峰值得肯定
1268,[閒聊] 你會給雲豹主場主持人威廉什麼意見？
1269,[閒聊] 請問黃衫是不是有魔咒
1270,[閒聊] Howard是生涯第一次執行技術犯規罰球嗎
1271,[討論] 史上最尬主持嗎
1272,[閒聊] 魔獸讓我想起18年的全力詹
1273,[討論] 這樣魔獸走後台籃會不會很慘？
1274,[閒聊] 黑人現在又在想什麼
1275,[閒聊] 魔獸帶領台籃板重返榮耀
1276,[閒聊] 黑人剛剛有用手機偷看魔獸嗎
1277,[閒聊] 霍華德爆扣影片
1278,[閒聊] T1這種強度魔獸會累嗎？
1279,[閒聊] 雲豹球員在想什麼
1280,[討論] 魔獸會不會覺得錢很難賺
1281,Re: [問題] NBA先發球員在台都能打的像KD嗎？
1282,[討論] 今日MVP！！！
1283,[閒聊] 大家給雲豹本土打幾分?
1284,[新聞] 魔獸首秀線上轉播破18萬人看 PLG1萬人相挺
1285,[問題] 黑人現在484只能靠威廉了
1286,[閒聊] 球員退場通道改善
1287,[閒聊] 魔獸是打中鋒沒錯吧
1288,[問題] 會不會有更多NBA球星加入台籃
1289,[新聞] 魔獸台灣首秀將開打！PLG執行長陳建州發
1290,[閒聊] 如果換作書豪，能像魔獸一樣這麼扛嗎？
1291,[情報] 今日T1進場人數
1292,[閒聊] 今年應該是最好討論P+T合併的時刻吧？
1293,[閒聊] MELO來應該可以60分吧?
1294,[閒聊] 虎撲網友羨慕台灣有NBA氣氛輾壓CBA(討論串
1295,[討論] 霍華德這場要來檢討誰？
1296,[BOX ] T1例行賽 - 特攻 115:120 雲豹
1297,[新聞] T1》「魔獸」霍華德超人般降臨 線上收看
1298,Re: [討論] 羅振峰值得肯定
1299,[討論] 看完上半場的時候有誰相信會逆轉的？
1300,[問題] 這場打完魔獸會給球團什麼建議？
1301,[閒聊] 魔獸說好久沒得這麼多分了
1302,[閒聊] T1第三季slogan用 #嗚呼 可以嗎
1303,[情報] 今日 阿巴西
1304,[討論] 台灣籃史最好看的一場比賽
1305,[閒聊] 中信的辜董看完這場比賽後在想什麼？
1306,[發錢] 感謝魔獸
1307,[閒聊] 雲豹如果再補甜瓜各位會買季票嗎？
1308,[閒聊] 勿忘寶寶教練
1309,[問題] 魔獸這工作量可以撐幾場?
1310,[閒聊] 雲豹是不是爛的很剛好？
1311,[閒聊] 執行長看完這場在想什麼？
1312,[新聞] 「魔獸」霍華德來台首秀登場 威廉主持遭
1313,[新聞] 魔獸魅力爆棚PTT「台籃板」超越八卦板
1314,[閒聊] 國體大漢堡館視野分享
1315,[新聞] 遇霍華德是新境界的等級 曾文鼎真的沒轍！
1316,[閒聊] 雲豹再把軟豆簽進來有沒有搞頭？
1317,[閒聊] 黑人在堅持什麼
1318,[討論] 魔獸單場三分出手10次 (￣口￣)?
1319,Re: [新聞] 魔獸一下車大媽大吼「這不是NBA魔術強森嗎」大家全傻眼
1320,[影片] 魔獸今天比賽Highlight 38分25籃板9助攻
1321,[討論] 請問劉嘉發設計了什麼戰術
1322,Re: [閒聊] 魔獸說好久沒得這麼多分了
1323,[情報] 魔獸台灣首戰上場時間生涯第十
1324,[問題] 阿巴西？
1325,[閒聊]  現場DJ問題
1326,[閒聊] 中場休息魔獸在休息室會跟大家說什麼?
1327,[閒聊] 曾文鼎在想什麼
1328,[閒聊] 魔獸是不是準備重返NBA
1329,[問題] 魔獸可以打NBA，為什麼阿巴西不能？
1330,[問題] 魔獸的體能有增加嗎?
1331,[閒聊] 雲豹的主持人找誰會更好？
1332,[閒聊] 雲豹這場是不是堪比山王湘北之戰？
1333,[閒聊] 簽到魔獸是不是薛翻？
1334,[新聞] 魔獸賽前大合照直接閃人！來賓、隊友尷
1335,[發錢] 謝謝你！魔獸
1336,[討論] 關於雲豹的擋拆
1337,[討論] 賽後記者會的魔獸又回到開心的BIGBOY
1338,[討論] 劉嘉發看到草莓獸散步防守怎麼沒發飆？
1339,[討論] 看來一獸四射可以統治這聯盟
1340,[閒聊] T1 11/19 進場/線上同時在線收看人數
1341,[閒聊] 駭獸戰術失效了？
1342,[心得] 今日雲豹現場購票心得
1343,[閒聊] 決勝期 還是擺鄭瑋最好對吧？
1344,[閒聊] 從魔獸這場看給台籃的影響
1345,[新聞] 有人看嗎?新竹攻城獅不擺辛巴 在主場收
1346,[問題] 賽後記者會問了魔獸16分鐘會不會太久
1347,[討論] 如果魔獸加入中信特攻
1348,[討論] 台灣籃球的關鍵問題在戰術素養和球商
1349,[討論] 為什麼新北特攻不繼續2洋將+阿巴西
1350,[閒聊]  台灣三個聯盟？？
1351,[發錢] 感恩魔獸 讚嘆四爺 已發
1352,[閒聊] 台灣打組織是不是要加強
1353,[討論] 雲豹根本沒有幫魔獸設計好的戰術吧?
1354,[閒聊] 球評發音有問題
1355,[閒聊] 台灣籃球跟魔獸是雙贏八?
1356,Re: [討論] 魔獸證明籃球光靠一個人是沒有用的？
1357,[閒聊] 草莓獸今天回住處會不會偷偷哭
1358,[新聞] 被霍華德投爆　李逸驊：收到假消息
1359,[情報] 今日T1 特攻 vs 雲豹  罰球
1360,[閒聊] 下一場看點是什麼
1361,[閒聊] NBA的等級不只是身體素質觀念也差很多
1362,[閒聊] 球給魔獸是不是就對了
1363,[問題] back to back 明天魔獸會休兵嗎？
1364,[新聞] 找更多NBA球星？霍華德：來吧！來台灣吧！
1365,[閒聊] 大家是不是錯怪威廉斯了
1366,[心得] 魔獸T1首場 觀影小心得
1367,[新聞] 一人扛起全聯盟！霍華德台灣首秀線上破3
1368,[討論] 今天裁判有沒有明星哨？
1369,[閒聊] cba全明星
1370,[討論] PLG的進場人數，今天怎麽沒人po
1371,[閒聊] 黑人打電話沒
1372,[閒聊] 請問有去現場的朋友今天球場還行嗎
1373,[新聞] PLG今兩場幾乎都滿場但人數少一半
1374,[討論] 魔獸是不是很敬業
1375,[閒聊] 我們一整季主場都要看威廉主持？？
1376,[問題] 明天的比賽座位在C區請問建議幾點到球場?
1377,[閒聊] 甜瓜如果來台灣打球會得到怎樣數據?
1378,[閒聊] 職業外線大空擋連續不進正常嗎
1379,[閒聊] 魔獸罰球場邊一直喊MVP
1380,[討論] 魔獸是不是還在讓
1381,[討論] 今天這場比賽後誰是最大受益者?
1382,[問題] 想問一下今天誰是最大的輸家?
1383,[新聞] 魔獸公開向甜瓜喊話　霍華德：安東尼來
1384,[BOX ] 22-23 PLG 鋼鐵人 83:89 攻城獅
1385,[討論] 魔獸拍照離場催促熱身事後證明了身價？
1386,[閒聊] 呂政儒開季三分球10%
1387,[情報] 特攻改寫單場單隊上下半場最大分差聯盟紀
1388,[問題] 為什麼犯規投的投籃要在空中抓下來?
1389,[討論] 魔獸台籃首秀觀看次數破百萬
1390,[討論] 雲豹是不是麵包也沒關係
1391,[新聞] 看完魔獸首秀後　中國網友認了：T1比CBA
1392,Re: [閒聊]  台灣三個聯盟？？
1393,[閒聊] 大家是支持誰
1394,[新聞] 霍華德控球模式全開 超級準大三元率雲豹.
1395,[閒聊] 雲豹戰犯是誰?
1396,[討論] 好奇魔獸現在可以約喝酒了嗎？
1397,Re: [討論] 有組織傳球視野好打球觀賞性高的控球
1398,[閒聊] 威廉 IG
1399,[新聞] 特攻「黑豹」轟51分抗魔獸　霍華德賽後
1400,[閒聊] 好想看NBA來台打交流賽會差多少
1401,[新聞] 金馬／朱軒洋心飄去T1現場「好想看魔獸
1402,Re: [問題] 請問魔獸第一場球的劇本是set好的嗎？
1403,[問題] 魔獸是不是讓未來中華隊更能扛禁區？
1404,[新聞] T1》來台首戰上場近48分鐘 霍華德上次打
1405,Re: [閒聊] 曾文鼎在想什麼
1406,Re: [問題] 阿巴西？
1407,[討論] 阿巴西是不是有AI的影子
1408,Re: [閒聊] 好想看NBA來台打交流賽會差多少
1409,[討論] 論本土+洋將 鋼鐵人是現在12隊之末吧
1410,[閒聊] 中信特攻在想什麼
1411,[閒聊] 阿巴西跟林庭謙誰比較強？
1412,[討論] 雲豹的某些隊友是不是該認真一點
1413,[閒聊] 太陽明天要怎麼贏？
1414,[閒聊] T1會辦灌籃大賽嗎？
1415,[閒聊] JR Smith來台灣會場均幾分？
1416,[閒聊] 魔獸進攻好粗糙
1417,[閒聊] 觀眾席再暗點是不是更像NBA
1418,[閒聊] 38分25籃板9助攻5鍋 在NBA可以是誰?
1419,[討論] 小四484要趕快復出才好看
1420,[討論] 魔獸的傳球視野很棒
1421,[問題] 巔峰的曾文鼎可以守住現在的魔獸嗎？
1422,[問題] 台灣籃壇史上有誰扛得住魔獸？
1423,[閒聊] 傳奇球星艾佛森按讚魔獸ig
1424,[討論] 明天富邦可以幫忙挽回局面嗎？
1425,[閒聊] 沒機會看全盛時期的壘哥.信安大戰魔獸
1426,[討論] 王永慶太狠了
1427,[新聞] 喊話「甜瓜」來台？ 霍華德:他來會很開心
1428,[閒聊] 找艾力克斯主持比較好吧
1429,[問題] 中華隊先發5人？
1430,[討論] 攻城獅跟高景炎是不是在下一盤很大的棋
1431,[討論] 雲豹的本土現在壓力是不是很大
1432,[討論] 還是要感謝黑人吧
1433,[閒聊] 雲豹該簽塔克老師了吧
1434,[討論] 阿巴西終於紅出圈了 是不是很感動？
1435,[閒聊] 魔獸旋風能帶來多少新台籃迷？
1436,[新聞] 魔獸效應好狂 T1網路即時收看25萬海放PLG
1437,[問題] 要不要修改板規
1438,[閒聊] 羅振峰跟盧捷閔是雲豹可以關注的好球員
1439,[討論] 沒有人覺得中信教練問題很大嗎?
1440,[閒聊] PLG 看到魔獸效應會取消洋將薪資上限嗎
1441,[討論] 魔獸打的太好？
1442,Re: [問題] 請問魔獸第一場球的劇本是set好的嗎？
1443,[討論] P+洋將薪水上限隨球隊的名次改變
1444,Re: [討論] 雲豹的本土現在壓力是不是很大
1445,[情報] 桃園永豐雲豹FB:感謝全場爆滿15500名觀眾
1446,(已被yangmie刪除) <jimmysinb> 超貼
1447,[心得] Dwight Howard 初登場
1448,[閒聊] 四爺，謝謝你
1449,[新聞] 「魔獸旋風」的威力！雲豹首日商品狂賣
1450,[閒聊] 魔獸 黑人陳建州 到底熟不熟？
1451,[新聞] 霍華德喊話安東尼、湯瑪斯 台灣很好一起
1452,[閒聊] T1都富豪，P+會不會倒？
1453,[心得] 用正能量來享受魔獸風潮
1454,[閒聊] 隊友蠻雷的魔獸可以撐多久
1455,[心得] 雲豹主場初次見面
1456,[討論] 魔獸會對台灣職籃改觀嗎
1457,[閒聊] 鄭瑋是不是台灣果醬爺爺
1458,[問題] 到底為什麼開打前要介紹官員？
1459,[閒聊] 球場主持人為何都是男生？
1460,[情報] 今日PLG進場人數
1461,[問題] 明天現場會有票可以買嗎?
1462,[心得] 百元仔的進場看魔獸
1463,Re: [閒聊] 球場主持人為何都是男生？
1464,[閒聊] 今天應該是T粉最巔峰時刻
1465,[討論]雲豹這場收入抵魔獸3個月薪資?T1會簽甜瓜嗎
1466,[閒聊] 本日雲豹的記憶點
1467,[討論] 魔獸的敏捷度好驚人
1468,[閒聊] 會希望陳孝榕回歸雲豹隊嗎？
1469,[心得] 魔獸和黃金世代的天賦差距
1470,[心得] 是不是黃金交叉了
1471,[情報] T1聯盟 IG
1472,[閒聊] 魔獸來台灣對台籃也算是好事吧
1473,Re: [閒聊] 本日雲豹的記憶點
1474,[公告] basketballTW 樂透開獎
1475,[心得] 被主持人搞到爆氣
1476,Re: [情報] 今日PLG進場人數
1477,[心得] 雲豹進場心得
1478,[公告] 水桶
1479,[閒聊] 雲豹到客場比賽，現場觀眾會幫哪隊加油?
1480,[新聞] 館長講評「魔獸台灣首戰」：雲豹其他隊友
1481,[問題] 中信正規賽最後一波是洋將在搞嗎？
1482,[新聞] NBA又1球星恐失業? 網驚:來台灣贏過魔獸
1483,Re: [情報] 今日PLG進場人數 (猿豹同城出戰場次)
1484,[討論] 魔獸去雲豹對T1整體最好吧?
1485,[新聞] 「魔獸」霍華德來台首秀登場 威廉主持遭
1486,[討論] 魔獸的卡位技巧
1487,[閒聊] 魔獸：台灣籃球的速度比NBA還快
1488,Re: [新聞] 「魔獸」霍華德來台首秀登場 威廉主持遭
1489,Re: [心得] 是不是黃金交叉了
1490,[討論] 魔獸的控球跟誰學的？
1491,[討論] 白曜誠現在在想什麼
1492,[問題] 國體大座位視野
1493,[討論] 魔獸會練折返跑嗎？
1494,Re: [新聞] 「魔獸」霍華德來台首秀登場 威廉主持遭
1495,[閒聊] 關於桃園雲豹5號威廉斯
1496,[新聞] 合照等太久？魔獸不甩主持人離開現場 來賓
1497,[討論] 阿巴西還需要學什麼技巧 才能被大家承認
1498,[討論] 阿巴西的天份放在美國真的只有普通嗎？
1499,[討論] 魔獸剛來台灣就開始氣氛了嗎
1500,[情報] fiba官方IG發魔獸昨日Highlight
1501,[閒聊] 給雲豹和威廉一點建議
1502,[討論] 魔獸來台的錢，T1平均出比較合理？
1503,Re: [討論] 沒有人覺得中信教練問題很大嗎?
1504,[討論] 魔獸改當控球後衛有戲嗎
1505,[閒聊] 黑人哥，是否只能靠林書豪了= =....???
1506,[新聞] 魔獸來台首戰震撼美媒！霍華德有望吸引
1507,[閒聊] 特攻-太陽-雲豹
1508,[問題] 威廉斯可以打NBA，阿巴西不能？
1509,Re: [新聞] 「魔獸」霍華德來台首秀登場 威廉主持遭
1510,[專欄] 魔獸首秀大爆發 台籃驚奇之夜
1511,[問題] 昨天魔獸比賽球評疑問
1512,[閒聊] 矮湯跟甜瓜來臺灣打誰最具有觀賞性
1513,Re: [閒聊] 給雲豹和威廉一點建議
1514,[討論] 阿巴西要向上一層是否缺控場能力？
1515,[閒聊] 全台主場
1516,Re: [新聞] 合照等太久？魔獸不甩主持人離開現場 來賓
1517,Re: [閒聊] 魔獸：台灣籃球的速度比NBA還快
1518,[心得] 豪爾不爽的點
1519,[新聞] 細數魔獸來台前的台籃經典洋將
1520,Re: [閒聊] 給雲豹和威廉一點建議
1521,Re: [問題] 昨天魔獸比賽球評疑問
1522,[閒聊] 拉佩塔？
1523,[LIVE] 111UBA 女子組預賽 第一階段 11/20賽程
1524,Re: [心得] 豪爾不爽的點
1525,Re: [問題] 威廉斯可以打NBA，阿巴西不能？
1526,[討論] 雲豹可以開除劉嘉發 給魔獸當教練嗎?
1527,[閒聊] 今天雲豹的觀賽重點是什麼
1528,Re: [問題] 威廉斯可以打NBA，阿巴西不能？
1529,[閒聊] 歐肥終於睡醒轉發魔獸動態了
1530,Re: [心得] 豪爾不爽的點
1531,[公告] basketballTW 板 開始舉辦樂透!
1532,[閒聊] 希望今天雲豹哨子可以正常點…
1533,[新聞] 魔獸台灣狂奪38分！美媒大幅報導
1534,[新聞] 「魔獸」霍華德在台灣打球超享受 美球評
1535,Re: [問題] 威廉斯可以打NBA，阿巴西不能？
1536,[新聞] 魔獸首戰逆轉勝！超鬼「空中接力灌籃」
1537,[新聞] 霍華德中場灌「雞湯」　激勵雲豹完成不
1538,Re: [新聞] 魔獸來台首戰震撼美媒！霍華德有望吸引
1539,[問題] 有機會在大巨蛋看魔獸打球嗎?
1540,[閒聊] 威廉斯是魔獸小老弟嗎？
1541,[閒聊] 請問唷呼是什麼梗？
1542,[閒聊] 今天賽前大合照
1543,[問題] 周資華敢讓魔獸坐飛機或埋地雷嗎？
1544,[問題] 雲豹國體大主場交通問題
1545,[閒聊] 周儀翔當初報價雲豹多少讓四爺卻步？
1546,[討論] 雲豹整季收益會有盈餘嗎？
1547,Re: [閒聊] 周儀翔當初報價雲豹多少讓四爺卻步？
1548,[閒聊] p+會不會最後變成3A小聯盟？
1549,[討論] 昨天有人看到這一幕也很感動的嗎？
1550,[討論] 雲豹接下來會不會想辦法主場多打邀請賽
1551,[閒聊] 雲豹全員健康情況下場上先發五人？
1552,[新聞] PLG搶聲量 楊敬敏率國王3連勝
1553,[討論] 鋼鐵人眼光是不是很差？
1554,[閒聊] 轉捩點是不是第四節這波
1555,[心得] 11/19 桃園永豐雲豹vs新北中信特攻 @國
1556,Re: [討論] 鋼鐵人眼光是不是很差？
1557,Re: [新聞] 周儀翔加盟PLG 鄉民稱挖到石油:不給T1活路
1558,[閒聊] 一樣的身高 阿巴西有強過Bronny James嗎
1559,[閒聊] 今天太陽打雲豹看點是什麼？
1560,[問題] 昨天被小蟲踩的女球迷還好嗎？
1561,[閒聊] 雲豹根本不虧吧....
1562,Re: [閒聊] 周儀翔當初報價雲豹多少讓四爺卻步？
1563,[閒聊] 昨天新竹主場溫馨感人的一幕
1564,[問題] 蘇翊傑什麼時候會上場打控衛
1565,[新聞] 魔獸拚2連勝！T1得分王嗆要投爆他　雲豹
1566,Re: [討論] 雲豹整季收益會有盈餘嗎？
1567,[Live] PLG 14:30 領航猿vs夢想家
1568,[閒聊] 初到迷你蛋看球感想
1569,[討論] 昨日館長直播雲豹
1570,[問題] 四爺的操作會抑止本土的溢價嗎
1571,Re: [討論] 阿巴西還需要學什麼技巧 才能被大家承認
1572,[新聞] 獨家／魔獸想在台灣買房定居！注意4限制
1573,Re: [問題] 威廉斯可以打NBA，阿巴西不能？
1574,Re: [討論] 阿巴西還需要學什麼技巧 才能被大家承認
1575,Re: [討論] 阿巴西還需要學什麼技巧 才能被大家承認
1576,[新聞] 阿巴西狂轟51分「比魔獸更猛」！一日球
1577,[問題] 請問今天現場有票能買嗎？
1578,Re: [閒聊] 昨天新竹主場溫馨感人的一幕
1579,Re: [新聞] 魔獸拚2連勝！T1得分王嗆要投爆他
1580,[閒聊] 應該很多球迷只是想看魔獸秀一波吧
1581,[閒聊] 計分板的時間
1582,[新聞] 霍華德沒球隊要改加盟台灣T1 快艇沃爾嘆：太扯了
1583,[閒聊] 現在P有幾隊打的贏政大
1584,[Live] 16:30 臺中太陽 VS 桃園永豐雲豹
1585,[討論] 沒有主持人，應該不影響球賽的氛圍吧
1586,[情報] 今日雲豹對戰太陽現場只剩特S區票
1587,[情報] 臺中太陽IG GAME DAY×桃園永豐雲豹
1588,[新聞] 魔獸人氣強壓PLG！　陳建州曬滿場照：走
1589,[新聞] 「魔獸效應」擴散　太陽、獵鷹有望擁嶄
1590,[討論] P+現在484還有防守跟裁判可以吹
1591,[問題] 裁判球權還能比錯邊？
1592,[Live] PLG 17:00 勇士vs攻城獅
1593,[閒聊] 圓夢這場到底？
1594,[閒聊] 魔獸有辦法打得像KD一樣嗎
1595,[閒聊] 某直播平台現場廣告送NBA來回機票？
1596,[閒聊] 發展籃球撒錢找超級大咖才是硬道理吧？
1597,[發錢] 在台籃板猜魔獸在台籃板V.2
1598,[新聞] 魔獸打逾47分鐘不喊累　蘇翊傑：他真的是超人
1599,[閒聊] 威廉今天有進步嗎= =......???
1600,[閒聊] 選手名可不可以念慢一點
1601,[閒聊] T1這改進速度很不錯耶
1602,[新聞] 矮湯打T1職籃沒絕望　汪蔚傑親曝可能來
1603,[心得]  台灣籃球更需要長久經營而不是炒短線
1604,[討論] 太陽是不是瑟瑟發抖？
1605,[討論] 緯來訊號是在爛幾點的
1606,[新聞] 魔獸魅力狂燒 太陽主場門票被掃光
1607,[情報] 今日 盧峻翔
1608,[閒聊] 魔獸莫名其妙怒推白薩 裁判裝沒看到？
1609,[閒聊] 雲豹跟以前差很多嗎= =......???
1610,[討論] 魔獸是累了還是省體力準備下半場
1611,Re: [新聞] 魔獸打逾47分鐘不喊累　蘇翊傑：他真的是超人
1612,[問題] 霍華德以前球商有這麼高嗎？
1613,[討論] 魔獸防守？
1614,[新聞] 讚魔獸「像神降臨T1」汪蔚傑:簡直拯救世
1615,[討論] 劉嘉發死不讓魔獸下場休息？
1616,[問題] T1的禁區強度讓魔獸不敢進去？
1617,[討論] 黑人鬆一口氣了？
1618,[閒聊] 雲豹的球褲是有什麼問題??
1619,[閒聊] Howard今天會不會打得比昨天久= =
1620,[閒聊] 雲豹還能忍受魔獸這種防守態度多久？
1621,[討論] 當年的馬布里。現在的霍華德。
1622,[心得] P的live文也要噓會不會太過分了？
1623,[閒聊] 魔獸現在的表現 應該沒辦法在nba生存了吧
1624,[閒聊] 為什麼 P/T 得分差這麼多
1625,[閒聊] 電報女的制服版型484很糟糕？
1626,[閒聊] 雲豹是不是跟去年攻城獅滿像的
1627,[閒聊] 雲豹有魔獸賽程在平日票房也能滿吧
1628,[討論] 獸蟲連線有辦法變成台版O.K.連線嗎
1629,[問題] 請問這位是誰？
1630,[討論] 寶寶劉嘉發有哪些料？
1631,[討論] 魔獸合約是不是要重談？
1632,[閒聊] 少了嗚呼是不是少一味
1633,[討論] 魔獸怎麼變攤手哥了？
1634,[閒聊] 現實就是魔獸無法主宰台灣職籃
1635,[閒聊] NBA球探關電視了嗎？
1636,[閒聊] 知道自己隊友們是全聯盟最爛是什麼感覺？
1637,[問題] 雲豹主持人
1638,[閒聊] 立群轉播是不是舒服超多？
1639,[討論] 關於投籃
1640,[閒聊] 魔獸看到隊友有空擋的時候在想什麼？
1641,Re: [閒聊] 知道自己隊友們是全聯盟最爛是什麼感覺？
1642,[問題]  隊友以為自己是Kobe怎麼辦
1643,[討論] 魔獸一天就被破解了嗎
1644,[閒聊] 威廉斯要滾了沒? 雲豹只需要純控球
1645,[討論] 雲豹是不是沒有擋拆戰術？
1646,[討論] 吳寶春有贊助雲豹嗎
1647,[閒聊] 可以找吉倫回來了嗎？
1648,[討論] 魔獸無法帶領球隊贏球不是球迷想看的吧
1649,[討論] 雲豹隊的戰犯
1650,[心得] 魔獸其實洋將一對一就能單換了吧
1651,[閒聊] 雲豹今天為什麼輸球
1652,[情報] 今日魔獸 Dwight Howard  準大三元
1653,[閒聊] 雲豹要怎麼補強？
1654,[討論] 小四復出
1655,[問題] 雲豹的一號跟五號以前有甚麼成績嗎?
1656,[閒聊] 雲豹也有F4?
1657,Re: [問題] 蘇翊傑什麼時候會上場打控衛
1658,[討論] 劉嘉發是不是站到腰痛
1659,[討論] 那個雲豹一號跟五號可以換掉嗎？
1660,[閒聊] 幫小蟲威廉斯平反
1661,[討論] 魔獸會不會喊吹密
1662,[閒聊] 菲律賓教練4不4很有料啊？
1663,[BOX ] T1例行賽 - 太陽 103:94 雲豹
1664,[閒聊] 兔死摸魔咒
1665,[討論] 一直在罵鄭瑋的是一日球迷嗎？
1666,[討論] 寶寶以前評價如何？
1667,[討論] 雲豹球員戰術
1668,[閒聊] 威廉斯需要更聰明的出手吧
1669,[閒聊] 雲豹請特克咕嚕(Turkoglu)出山來得及嗎??
1670,[閒聊] 汪總是不是有料
1671,[討論] 辣個男人該加盟雲豹了吧?
1672,[討論] 魔獸算是垃圾山的老大嗎？
1673,[討論] 陛下有像Richard Hamilton嗎？
1674,[討論] 魔獸會被證明在NBA沒球打是有原因？
1675,[情報]  T1 今日進場人數
1676,[新聞] 魔獸23分9籃板10助攻　雲豹沒能逆轉
1677,[討論] 請問雲豹的戰術?
1678,[情報] PLG今日進場人數
1679,[閒聊] 第一次看到不強的洋將 背號5號小蟲
1680,[討論] 鄭瑋跟威廉斯
1681,[討論] 許總有料還是在練兵？
1682,[問題] 雲豹其實不需要控球後衛吧？
1683,Re: [討論] 劉嘉發是不是站到腰痛
1684,Re: [討論] 寶寶以前評價如何？
1685,[問題] 本土球員完全沒組織耶
1686,[問題] 課金還是輸球怎辦
1687,[閒聊] 別再說沒空了，PLG獅勇精彩的快去看
1688,[閒聊] 獅勇2OT中
1689,[閒聊] 找JR豪哥能幾冠
1690,[閒聊] 治平打贏松山？
1691,Re: [閒聊] 雲豹今天為什麼輸球
1692,[討論] 南湖是不是很會培育球員
1693,[閒聊] 張宗憲保留整場體力是為了什麼？
1694,[討論] 富邦如果要三連霸是不是要靠各種J
1695,[討論] P是不是也有吃到魔獸紅利？
1696,[情報] 今日 蕭順議
1697,[閒聊] 辛巴為啥被三人防守可以硬幹 魔獸無法?
1698,[閒聊] 看正負值比看得分準吧？
1699,[心得] 雲豹再不振作收視可能會跌
1700,[BOX ] 22-23P+ 例行賽 領航猿 77 : 88 夢想家
1701,Re: [討論] P是不是也有吃到魔獸紅利？
1702,[閒聊] 雲豹教練換顆西瓜上去是不是也差不多
1703,Re: [問題]  隊友以為自己是Kobe怎麼辦
1704,[閒聊] 桃園雲豹是一支爛隊嗎？
1705,[情報] 今日曾柏喻
1706,[問題] 雲豹是不是再詮釋了團隊籃球的重要？
1707,[閒聊] 很可惜 但也不用太擔心雲豹
1708,[問題] 認真說，強森現在比魔獸有主宰力吧
1709,[問題] 雲豹是不是覺得NBA球迷看不懂球
1710,[討論] 今日本土球員得分上雙
1711,[新聞] 霍華德超愛台灣　直呼「我不想回家」
1712,[討論] 雲豹再這樣下去 會有人退坑嗎
1713,[BOX ] 22-23P+ 例行賽 勇士 104 : 108 攻城獅
1714,[閒聊] 雲豹接下來的B2B賽程
1715,[問題]  沒有防守三秒魔獸不習慣？
1716,[閒聊] 三個聯盟裡墊底的隊伍反而襯托魔獸超強
1717,[問題] 為什麼魔獸的背框練不起來？
1718,[閒聊] 台灣會不會成為NBA的後花園
1719,[心得] 雲豹強不強一點都不重要啊
1720,[討論] 魔獸接下來休5天該做什麼提高勝率
1721,[情報] 林秉聖 IG - 魔獸跟阿巴西私訊聊天
1722,[情報] PLG/T1 戰績表 (2022/11/20)
1723,[新聞] 霍華德兩戰打90分鐘 劉嘉發：他好勝心強
1724,[討論] 桃園現場的問題
1725,[新聞] 不只為了自己　霍華德更想幫隊友成長
1726,[討論] 林宜輝
1727,[新聞] 不想回NBA了？　霍華德：我只想留在台灣
1728,[閒聊] 今天這局算P+贏了吧？
1729,[閒聊] T1現在要簽哪位球星才能拯救戰績
1730,[討論] t1是不是要檢查一下籃球?
1731,[討論] 魔獸時間控制
1732,[公告] basketballTW 樂透開獎
1733,[閒聊] P的新生代又把聲勢打了回來
1734,[討論] 這季桃園雲豹能走多遠?
1735,[閒聊] 艾倫這樣會練太壯嗎
1736,[新聞]「魔獸效應」台鋼想找更大主場 甜瓜暫卡關
1737,[討論] 這兩場比賽最讓魔獸驚訝的本土球員是誰？
1738,[新聞] 魔獸連兩戰出賽合計破90分鐘 霍華德賽後喊
1739,[討論] 下禮拜可以期待海神主場最頂設備吧
1740,[討論] P只要擔心領航員和鋼鐵人的票房吧
1741,Re: [問題] 為什麼魔獸的背框練不起來？
1742,[討論] 魔獸有機會創造台籃史上第一次大四喜嗎?
1743,Re: [討論] 林宜輝
1744,[討論] 桃園雲豹在魔獸來之前強嗎？
1745,[情報] T1策略行銷長 蔡尚樺FB
1746,[閒聊] 雲豹是不是應該改名為鐵匠隊?
1747,[閒聊] 中場休息完球員熱身啦啦隊還在表演是?
1748,[討論] kenny哥 鋼鐵人怎救?
1749,[閒聊] 請魔獸來台灣打球是不是超ㄟ合?
1750,[新聞] 引獸出洞策略收效 台中太陽103:94獵補雲
1751,[閒聊] 今日白薩?
1752,[閒聊] 今日富邦攻城獅南湖雙槍
1753,[討論] 魔獸嗆得分王仕東：don't give your shit
1754,[討論] T1是不是被YT搞？
1755,[討論] 雲豹的票是不是星期六的比較有價值？
1756,[閒聊] 今日仕東 艾倫 陛下
1757,Re: [新聞] 魔獸拚2連勝！T1得分王嗆要投爆他
1758,[公告] 水桶
1759,Re: [討論] 魔獸嗆得分王仕東：don't give your shit
1760,[閒聊] 今日強森
1761,[新聞] 威廉主持魔獸被噓爆 老婆卓君澤：他得自己
1762,Re: [新聞] 不只為了自己　霍華德更想幫隊友成長
1763,[閒聊] 桃園雲豹主場籃框
1764,Re: [新聞]「魔獸效應」台鋼想找更大主場 甜瓜暫卡關
1765,[新聞] 曾柏喻繳代表作 攻城獅二度延長擊敗衛冕軍
1766,[新聞] 「投爆魔獸」說到做到　仕東：不會遇到
1767,[情報] 台中太陽洋將 艾倫IG  全是愛和尊重
1768,Re: [討論] 桃園雲豹在魔獸來之前強嗎？
1769,[新聞] 別只關注魔獸! 林冠綸喊:PLG有野獸和神獸
1770,[新聞] T1聯盟／雲豹主持人威廉被噓 蘇翊傑力挺
1771,[新聞] 太操霍華德？　劉嘉發：他自己想打
1772,[新聞] 持續接洽矮湯　汪蔚傑：他只能來2個月
1773,[新聞] 與NBA不同?　魔獸在台打球一項數據爆增
1774,[討論] 魔獸哈沃德的跳勾怎麼不用了
1775,[新聞] 「魔獸效應」驚人　張樹人稱讚雲豹做了
1776,Re: [討論] P只要擔心領航員和鋼鐵人的票房吧
1777,[閒聊] 更多的nba洋將
1778,[問題] 阿巴西的NBA樣板是誰？
1779,Re: [問題] 阿巴西的NBA樣板是誰？
1780,Re: [閒聊] 桃園雲豹是一支爛隊嗎？
1781,[新聞] 鄭文燦邀請霍華德等4名球星任觀光大使
1782,Re: [閒聊] 桃園雲豹是一支爛隊嗎？
1783,[心得] 台灣人不該再容忍政客們污染體育了
1784,[情報] Nick Young: 魔獸，可以跟你同隊嗎
1785,[閒聊] 關注球賽的同時，是不是也提升球迷素質
1786,Re: [心得] 台灣人不該再容忍政客們污染體育了
1787,Re: [閒聊] 關注球賽的同時，是不是也提升球迷素質
1788,Re: [心得] 台灣人不該再容忍政客們污染體育了
1789,[心得] 雲豹的戰術+後衛
1790,[新聞] 台灣阿巴西狂轟51分爆紅！魔獸急追IG 「
1791,[討論] 強烈建議簽下尼克羊不要矮湯了
1792,[討論]  霍華德是想成為籃球界老梅吧！
1793,[討論] 昨天t1張立群講笑話道歉
1794,[討論] 扣掉魔獸，T1洋將跟P+洋將哪邊比較強
1795,Re: [新聞] 「魔獸效應」驚人　張樹人稱讚雲豹做了
1796,[討論] 魔獸最大隱憂是輪休，這是雲豹最大危機
1797,[閒聊] 台籃與NBA極大的差距在於戰術吧
1798,Re: [閒聊] 桃園雲豹是一支爛隊嗎？
1799,[閒聊] 魔獸打電話給阿巴西會罰款嗎
1800,[情報] 台日韓四聯盟的平均進場人數(截至11/20)
1801,[討論] 目前台灣三聯盟有16隊會不會太扯???????
1802,[心得] P寶&雲豹第一季鐵粉的真魔獸開幕心得
1803,[情報] 陳建州FB–謝謝大家支持 我們會繼續努力
1804,[討論] 台籃很多隊對洋將的使用態度根本就錯了
1805,[討論] 雲豹教練如果更換
1806,[新聞] 狂砍29分！真的投爆魔獸　仕東首曝「霍
1807,[情報] 收視率 (1119-20) *含數位數字
1808,[閒聊] 只要200萬鎂 就能有很多NBA球星可以選
1809,[專欄]【收視數字看職籃】超越臺灣大賽 歡迎登入魔獸世界
1810,Re: [討論] 雲豹教練如果更換
1811,[新聞] 魔獸在台首戰收視率破台籃紀錄 仍不敵中
1812,[問題] 海內外便宜能控球打擋拆的人選?
1813,[閒聊] 有沒有進步看罰球就知道
1814,[討論] 魔獸的彈速是不是很驚人
1815,[閒聊] 感覺P+跟t1也沒必要整合
1816,Re: [閒聊] 感覺P+跟t1也沒必要整合
1817,[討論] 霍華德like
1818,[新聞] 「魔獸」效應 楊恩喊話想和霍華德同隊打
1819,[閒聊] 雲豹為啥做不到控衛切入拋給魔獸灌籃？
1820,[新聞] 又有NBA馬刺冠軍好手來台 艾爾斯加盟PLG
1821,[新聞] 快訊／又有NBA馬刺冠軍好手來台　艾爾斯P
1822,[討論] 霍華德會不會赤司化？
1823,[情報]  T1聯盟 IG
1824,[閒聊] 說分一杯羹的球迷都是那些人啊?
1825,Re: [閒聊] 桃園雲豹是一支爛隊嗎？
1826,[新聞] 率《全明星》現身球場看魔獸！王子遭疑
1827,Re: [閒聊] 感覺P+跟t1也沒必要整合
1828,[新聞] T1》困「獸」之道 仕東︰不能害怕
1829,[新聞] 具6季NBA資歷　領航猿簽208公分艾爾斯
1830,Re: [新聞] 快訊／又有NBA馬刺冠軍好手來台　艾爾斯P
1831,[討論] 大家看好小蟲威廉斯漸入佳境嗎
1832,Re: [討論] 魔獸的彈速是不是很驚人
1833,[新聞] 魔獸魅力！ 電視直播收視率破開台紀錄
1834,Re: [討論] 大家看好威廉斯漸入佳境嗎
1835,[新聞] 中媒點出魔獸弱點直言「不適合CBA」
1836,[情報] 粿粿 IG 限動（跟魔獸合照）
1837,[討論] 雲豹今年能進季後賽嗎？
1838,Re: [新聞] T1聯盟／雲豹主持人威廉被噓 蘇翊傑力挺
1839,[情報] Dwight Howard全系列商品-預購限時72小
1840,[新聞] 主場限定？　霍華德恐因傷缺陣2週
1841,[閒聊] 夢想家YT直播玩COD
1842,[情報] 魔獸休兩周。。。（暫定）
1843,Re: [心得] 雲豹的戰術+後衛
1844,Re: [情報] 魔獸休兩周。。。（暫定）
1845,[討論] 不能退票的話，會有購票的要開始吵了嗎？
1846,[討論] 魔獸打不了會想退票嗎？
1847,[新聞] 魔獸霍華德去檢查膝蓋沒大礙　但會休息2
1848,[新聞] 霍華德休2週 是否隨隊到客場有待評估
1849,[閒聊] 太陽現在在想什麼？
1850,[閒聊] 劉嘉發教練
1851,[閒聊] 本來就賺主場就好
1852,[討論] 太陽&海神 退票相關
1853,[閒聊] 海神高層現在在想什麼?
1854,Re: [情報] 魔獸休兩周。。。（暫定）
1855,Re: [情報] 魔獸休兩周。。。（暫定）
1856,[討論] 所以howard到底下兩週會不會上場？
1857,Re: [閒聊] 說分一杯羹的球迷都是那些人啊?
1858,[情報] ONE事都可聊EP13 汪總談矮湯
1859,[閒聊] 風是不是有吹回到P+這邊了？
1860,[新聞] 左膝不適找中醫！　「魔獸」霍華德請球迷
1861,Re: [閒聊] 劉嘉發教練
1862,[討論] 黑人現在在想什麼
1863,[閒聊] 太陽或成最大贏家？
1864,Re: [情報] 魔獸休兩周。。。（暫定）
1865,[閒聊] 給霍華德擔任一日教頭的企劃
1866,[閒聊] 現在會把球員當血汗勞工的教練多嗎？
1867,[討論] T1這兩週流量會剩多少??
1868,[情報] 新北國王FB 本週五雙北爭霸戰
1869,[討論] 讓魔獸擔任現場DJ如何
1870,[閒聊] 魔獸主場限定對雲豹應該是效益最大化吧
1871,[新聞] 魔獸來台奔麥當勞買餐 女高中生追星「告
1872,Fw: [新聞] 2檔漲幅逾7％「魔獸」效應 雲豹能源連4漲
1873,[新聞] 魔獸休2周！這1場恐「無法退票」球迷哀號
1874,[問題] 魔獸受傷時間點？
1875,[新聞] 「魔獸沒打」會想退票嗎？　PTT兩派鄉民
1876,"[新聞] 首戰""嗚呼""罵爆 威廉:第二戰我沒嗚呼就輸"
1877,[情報] 桃園雲豹ig 訂單過大 暫停預購
1878,Re: [情報] 魔獸休兩周。。。（暫定）
1879,[閒聊] 魔獸休賽那兩場 雲豹能贏幾場?
1880,[閒聊] 海神跟鋼鐵人黃金交叉了？
1881,[討論] 開季至今兩聯盟各隊出手比例分析
1882,Re: [閒聊] 海神高層現在在想什麼?
1883,[討論] 魔獸還是應該隨隊吧
1884,[閒聊] Dwight Howard IG
1885,[公告] 水桶
1886,Re: [新聞] 「魔獸沒打」會想退票嗎？　PTT兩派鄉民
1887,Re: [閒聊] 魔獸休賽那兩場 雲豹能贏幾場?
1888,Re: [閒聊] Dwight Howard IG
1889,Re: [閒聊] 海神跟鋼鐵人黃金交叉了？
1890,[新聞] 魔獸登台頭2戰雲豹賺超過1200萬　商品銷
1891,[新聞] 天啊！　魔獸才打兩場就受傷
1892,[閒聊] 關於台灣籃壇教練一點看法
1893,[討論] T1南部球隊報價表弟Cousins？
1894,[新聞] 魔獸腳傷沒閒著！現身名媛聚會
1895,Re: [新聞] 「魔獸沒打」會想退票嗎？　PTT兩派
1896,[閒聊] 希望雲豹出哪些魔獸的周邊商品？
1897,[閒聊] 魔獸跟名媛吃飯
1898,[閒聊] 與一日台籃迷看球的笑話幾則
1899,[新聞] 「魔獸旋風驚人」單日聲量飆破萬！T1聲量
1900,Re: [討論] 開季至今兩聯盟各隊出手比例分析
1901,[討論] 真的覺得還有其他nba明星會來嗎？
1902,[心得] 新竹攻城獅第三季主場開箱
1903,[情報] 乳摸：阿飛離隊。
1904,[閒聊] 當初因為OJ.Mayo進場的球迷有變SBL迷嗎
1905,[閒聊] 所以林金榜上季為什麼沒球打
1906,Re: [閒聊] 說分一杯羹的球迷都是那些人啊?
1907,[新聞] 魔獸養傷兩周　發文不忘秀中華民國國旗
1908,[情報] 高雄17直播鋼鐵人 雅典娜啦啦隊見面會
1909,[新聞] 快訊／魔獸傷勢狀況蘇翊傑親說明 客場是
1910,[情報] PLG Week3 單週MVP 高國豪
1911,[閒聊] 雲豹本季為何不找亞洲外援？
1912,[問題] 11/9新聞稿受傷也會隨隊？
1913,Re: [閒聊] 所以林金榜上季為什麼沒球打
1914,[新聞] 簡浩圓實況主的夢　「台灣魔獸」李德威：
1915,[問題] 魔獸受傷，該怪誰？
1916,[新聞] 感謝Q為台灣奉獻　新北國王辦「3Q感恩節
1917,[討論] 所以該怎麼分配魔獸上場時間？
1918,[閒聊] 小弟自己不爭氣 票房也要大哥扛？
1919,Re: [閒聊] 說分一杯羹的球迷都是那些人啊?
1920,[情報] 鋼鐵人鉑伊離隊
1921,[討論] 魔獸IG直播中
1922,[情報] 桃園永豐雲豹 主場開幕週影片
1923,[閒聊] 霍華德vs阿巴西是不是尼特羅打蟻王
1924,[新聞] 魔獸穿緊身牛仔褲「超大一包橫著放」
1925,[新聞] 夢想家電玩線上直播　破萬人次觀賞
1926,[新聞] 國王雙北大戰　戴維斯3Q短Tee搶先開賣
1927,[討論] 乳摸 阿飛下家？
1928,[閒聊] IT回復魔獸IG
1929,[問題] 所以12/4雲豹海神 魔獸確定不會上場了？
1930,[心得] 比上不足，比下有餘的雲豹主場初體驗
1931,[新聞] 館長打臉「只會蹭魔獸」！秀15年籃球戰績
1932,[新聞] 超愛台灣水果跟烏龍茶！　霍華德：生日要
1933,[情報] 臺中太陽股東IG–退潮後才知道誰在裸泳
1934,[閒聊] 魔獸當初加入哪一隊比較好?
1935,Re: [新聞] 館長打臉「只會蹭魔獸」！秀15年籃球戰績
1936,[心得] 11/19進場心得 (夢想家vs國王)
1937,[情報] 太陽啦啦隊世界杯臺中市府直播派對
1938,[情報] T1聯盟 - 本土球員效率排行
1939,[討論] 這方案如何？
1940,[討論] 去年的太陽有多驚豔
1941,[新聞] HBL／5球員拚到抽筋 基商錯過12強教頭無奈
1942,[閒聊] 關鍵時刻的心態是天生的還是苦練的？
1943,Re: [討論] 乳摸 阿飛下家？
1944,[閒聊] 國王的一天 禁衛軍熊大 - 牧倫斯
1945,[問題] T1洋將怎不找後衛
1946,[問題] 雲豹座位
1947,[問題] 台灣職籃啦啦隊的衣服是不是越穿越少？
1948,[新聞] PLG開第一槍!高雄鋼鐵人「開約魔獸」
1949,[新聞] 台灣職籃水平差？ 魔獸直播力挺台灣球員
1950,[新聞] SBL、WSBL全面退出台北 新賽季每階段增設
1951,[閒聊] 阿巴西IG
1952,[情報] PLG/T1 各項球員數據整理 (2022/11/22)
1953,[情報] 榮耀高雄 高雄全家海神元年冠軍戒
1954,[討論] 台灣的魔獸世界與不安定因素
1955,[閒聊] 國外百萬網紅對魔獸第一場表現的反應
1956,Re: [新聞] 超愛台灣水果跟烏龍茶！　霍華德：生日要
1957,[討論] 黃蜂Harrison將加入台籃 尼克楊也主動詢問
1958,[新聞] 魔獸爆總教練不會英文「很瘋狂！」來台像
1959,[討論] T1的球員會覺得壓力很大？
1960,[新聞] 臺銀 連五年獲體育推手金質獎
1961,[新聞] Shaq：霍華德本就該在T1比賽拿30分
1962,[閒聊] 台灣本土除了阿巴西 誰有機會幹40分以上
1963,[新聞] 酸霍華德拿30分是基本的　Shaq：守他的
1964,[閒聊] 大家覺得林現惟怎麼樣?
1965,[新聞] 聚餐魔獸原因曝光！「從頭到尾看他的臉」
1966,Re: [閒聊] 大家覺得林現惟怎麼樣?
1967,[情報] Dwight Howard IG
1968,[問題] 黃牛網站放上海神專區？？
1969,[討論] 兩聯盟U25明星隊哪邊強?
1970,Re: [討論] 台灣的魔獸世界與不安定因素
1971,[閒聊] 兩聯盟U40分析比較
1972,[閒聊] DH在台灣完成自己的夢想
1973,[問題] 裁判尺度是不是間接能提升球員表現
1974,[討論] 曾柏喻不可思議的兩年
1975,[LIVE] 111UBA 男子組預賽 第一階段 11/23賽程
1976,[情報] 據說將要有跨聯盟交易，到底會是誰
1977,Re: [討論] 兩聯盟U25明星隊哪邊強?
1978,[閒聊] 俠客歐尼爾憑什麼看不起台籃？
1979,[新聞] （更新）海神澄清未與表弟接觸
1980,[情報] 台啤英熊12/3-4 全綠換主題週
1981,Re: [新聞] 酸霍華德拿30分是基本的　Shaq：守他的
1982,[閒聊] 各位我們一起鼓勵霍華德好嗎？
1983,Re: [討論] 曾柏喻不可思議的兩年
1984,[影片] 林書豪：陳盈駿已經是CBA聯盟前三控球後衛
1985,Re: [閒聊] 俠客歐尼爾憑什麼看不起台籃？
1986,[討論] Shareef O'neal來打T1可以殺爆嗎?
1987,[閒聊] 兩聯盟洋將先發五人陣容比較
1988,[情報] Dwight Howard IG直播中
1989,[新聞] NBA大咖球星傳也要來台！　球評：大家都
1990,[閒聊] 魔獸開直播點名俠客「對台灣有意見？」
1991,[情報] 高雄全家海神 開幕週
1992,[新聞] 「阿飛」施顏宗被租借！　轉戰SBL彰化柏
1993,[討論] 關於PT租借或跨聯盟交易?
1994,[新聞] 接觸柯森斯？T1海神：網路傳言
1995,[討論] T和P 兩邊的比賽內容
1996,[新聞] 在台灣打球像到健身房容易？ 霍華德開直播回應歐尼爾了！
1997,Re: [閒聊] 俠客歐尼爾憑什麼看不起台籃？
1998,[新聞] 歐尼爾開酸魔獸來台打球 霍華德高EQ回應
1999,[情報] 太陽啦啦隊世界杯臺中市府直播派對Day 2
2000,[新聞] 聖光獸霍華德回應俠客嘲諷台籃：「停止
2001,[新聞] 歐尼爾開酸魔獸　霍華德回擊做自己
2002,[新聞] 高雄全家海神開幕週　帕克親臨開球
2003,[討論] T1洋將註冊狀況
2004,[新聞] 「感受台中激情！」　太陽最高規格歡迎「
2005,[新聞] 領航猿租借施顏宗給柏力力 蘇志誠提前解約
2006,[新聞] 模仿高國豪髮型　李家俊盼自己「骰到6」
2007,Re: [閒聊] 俠客歐尼爾憑什麼看不起台籃？
2008,[閒聊] 雲豹找周資華當替補控球有搞頭嗎？
2009,Re: [閒聊] 俠客歐尼爾憑什麼看不起台籃？
2010,[閒聊] 關於俠客的發言
2011,Re: [閒聊] 俠客歐尼爾憑什麼看不起台籃？
2012,Re: [閒聊] 俠客歐尼爾憑什麼看不起台籃？
2013,Re: [閒聊] 俠客歐尼爾憑什麼看不起台籃？
2014,[閒聊] 台籃現在選本土第一隊幾乎全部都在T1？
2015,Re: [閒聊] 台籃現在選本土第一隊幾乎全部都在T1？
2016,Re: [閒聊] 俠客歐尼爾憑什麼看不起台籃？
2017,Re: [閒聊] 俠客歐尼爾憑什麼看不起台籃？
2018,[情報] 魔獸ig直播中
2019,[閒聊] 其實歐尼爾蠻討人厭…
2020,[討論] 世界盃好熱，這兩個禮拜票房會受影響嗎？
2021,[問題] 怎麼很少聽到有人想去歐洲打？
2022,[新聞] 施顏宗租借柏力力 陳信安:有更多上場機會
2023,[新聞] 魔獸狂潮掀起 創造台灣籃球國際價值
2024,Re: [閒聊] 台籃現在選本土第一隊幾乎全部都在T1？
2025,Re: [問題] 怎麼很少聽到有人想去歐洲打？
2026,[新聞] 輔大外籍生開箱　克國體收首勝
2027,[新聞] 26日辦冠軍頒獎儀式 海神冠軍戒曝光
2028,[新聞] 林信寬3年換3教練　替李秉鴻拿首勝
2029,[新聞] 中信特攻找NBA球星助陣？劉志威曝「關鍵
2030,Re: [閒聊] 俠客歐尼爾憑什麼看不起台籃？
2031,[新聞] 魔獸將錄中文歌！喊話歐尼爾「對台灣
2032,[閒聊] coach邱怎麼還沒被挖？
2033,Re: [閒聊] 俠客歐尼爾憑什麼看不起台籃？
2034,[新聞] 外媒爆料4屆明星中鋒「表弟」真的要來台灣
2035,[閒聊] 想到讓俠客歐尼爾氣炸的方法
2036,[情報] 臺中太陽IG 主場精彩紀錄
2037,[情報] 電豹女IG拼破萬中
2038,[情報] 特攻IG 特務傑龍攜手PS短今 朝聖夢幻迪
2039,[討論] 不知未來是否兩聯盟合併女籃才可職業化
2040,[LIVE] 111UBA 男子組預賽 第一階段 11/24賽程
2041,[閒聊] 魔獸在台灣會狂接代言吧？
2042,[情報] T1官方IG標註Shaq
2043,[情報] 桃園雲豹FB-回擊俠客？
2044,[討論] 洪志善 怎麼沒有thank you??
2045,[新聞] 退票再等等！　「魔獸」霍華德本週確定隨隊作客台中
2046,[新聞] 魔獸VS. 帆船 台南獵鷹出奇招
2047,[新聞] 回擊歐尼爾批評　雲豹力挺魔獸：散播正
2048,[情報] 攻城獅 癌末球迷夢想成真的故事
2049,[討論] 歐尼爾根本是T1扶龍王吧
2050,[新聞] 雲豹正式聲明回應歐尼爾　魔獸確定本週
2051,[新聞] 魔獸參觀雲豹能源公司　全體員工「興奮
2052,[新聞] 房客竟是魔獸！她「近距離接觸30分」嗨
2053,[公告] basketballTW 板 開始舉辦樂透!
2054,[心得] 攻城獅行銷公關專訪
2055,[情報] Dwight Howard IG直播中
2056,[情報] 台啤英熊12.04 拿莫．伊漾賽前表演嘉賓
2057,[情報] 富邦勇士YT THE ONE｜學習的養分
2058,[新聞] 王晟霖降轉國體　「小羊哥」沒停止過關心
2059,[情報] 艾迪 FB - 前CBA得分王Mike Efevberha來台
2060,[新聞] 攻讀碩士學位　李允傑以王信凱為目標
2061,[影片] Kings All Access Week 2 皇家週記
2062,[新聞] 魔獸聲勢浩大！桃園機捷連夜更換廣告看
2063,[新聞] 205公分長人加入 國體勝場開張
2064,[討論] Dreamers All Access 改變比賽的關鍵？
2065,[閒聊] 季中乳摸
2066,[新聞] 俠客歐尼爾最討厭魔獸 曾評價他不如姚明
2067,Re: [閒聊] 季中乳摸
2068,[閒聊] 1127有一些人退票?
2069,[新聞] 霍華德愛台菜！左膝受傷後喝燉補雞湯養身
2070,[情報] 台啤英熊IG 早哥向大家說早安！
2071,[閒聊] 阿巴西今年是不是很有希望捧起冠軍金盃
2072,Re: [閒聊] 季中乳摸
2073,[情報] 台啤英熊官宣 早哥改名「愛禮」正式加盟
2074,Re: [情報] 攻城獅 癌末球迷夢想成真的故事
2075,[專欄] Howard連兩場準大三元只算勉強及格？
2076,[討論] 富邦現在是全台灣最強的職業球隊嗎
2077,[新聞] 有魔獸還不夠！傳雲豹簽下前CBA得分王
2078,[討論] 高雄全家海神的DJ是不是屌打全部
2079,[新聞] 為台灣籃球革命 陳建州:原地踏步就是退步
2080,[新聞] 確定了！　魔獸本週日將隨隊到台中太陽
2081,[新聞] 魔獸降臨雲豹能源 霍華德Like齊推教育公
2082,[LIVE] 111UBA 男子組預賽 第一階段 11/25賽程
2083,[閒聊] 地獄來早茶ep56
2084,[閒聊] 台灣籃球是不是越來越有職業的感覺了??
2085,[討論] 台籃的環境是不是讓控球後衛太安逸了
2086,[新聞] 王齊麟與DJ圓圓合作動感單曲　鋼鐵人主
2087,[新聞] 補強「魔獸」還不夠！　雲豹再簽前CBA得
2088,[公告] 水桶
2089,[心得] T1四支球隊主場座位心得
2090,[專欄] 拜託不要再問魔獸對台灣籃球是不是真的
2091,[專欄] 流量與激情之外，更值得期待的魔獸效應
2092,[情報] 臺中太陽ShinyGirls隊長牛奶生日
2093,[新聞] 不能進體育館練球　台中太陽捐贈大鵬國小
2094,[Live] PLG 19:00 勇士vs國王
2095,[閒聊] 志傑遇到壞人？
2096,[閒聊] 新莊體育館是否有可能開設種商店?
2097,Fw: [閒聊] 攻城獅S3 CODING紀錄 GAME 3&4
2098,[閒聊] 5號裁判賴建忠先生
2099,[閒聊] 富邦少了辛特力怎差這麼多了
2100,[新聞] 網友稱宇宙政大 陳子威：12連霸的北體才是
2101,[新聞] 一度不想打籃球　蔣浩文感謝李秉鴻信任
2102,[閒聊] 曾祥均的打法484只有在富邦才有用
2103,[討論] 謝宗融是來富邦幹嘛的
2104,[閒聊] 志傑現在是不是比較適合新生公園
2105,[情報] 今日PLG進場人數
2106,[討論] 周桂羽的投籃還有救嗎??
2107,[討論] 哪隊最可能第一個打贏國王
2108,[閒聊] 國王道歉區
2109,[情報] 本日 瓊斯 志傑
2110,[閒聊] 國王thank you小火車跟世念怎還那麼強??
2111,[閒聊] 質疑野獸的時候終於到了嗎…
2112,[情報] 今日 林書緯、洪楷傑、張文平
2113,[情報] 高雄全家海神 開幕週全面開放飲食
2114,[閒聊] 富邦是不是在藏？
2115,Re: [情報] 今日 林書緯、洪楷傑、張文平
2116,[新聞] 魔獸新幫手怎麼註冊？雲豹球團開始傷腦筋
2117,Re: [情報] 今日 林書緯、洪楷傑、張文平
2118,[新聞] 不演了！館長現身魔獸球場「狂虐禁區」
2119,[閒聊] 領先近二十分的調度
2120,[BOX ] 22-23 PLG例行賽–勇士 89:104 國王
2121,[新聞] 魔獸租屋處在這裡！IG直播意外露餡
2122,[新聞] 海神主場領冠軍戒　「不敗女神」徐若瑄
2123,[新聞] 雙北大戰成話題　林書緯對老東家搶勝
2124,[閒聊] 林書緯轉隊原因？
2125,Re: [閒聊] 林書緯轉隊原因？
2126,[公告] basketballTW 樂透開獎
2127,Re: [閒聊] 林書緯轉隊原因？
2128,[新聞] 真相大白！被譙害魔獸受傷「兇手」 白
2129,[live] FIBA3X3 WT 香港2022 day1(高雄台塑)
2130,[情報] 臺中太陽IG  白薩官方聲明
2131,[情報] 魔獸ig
2132,[新聞] 影／都跑錯棚？PS女孩短今現身PLG新北
2133,[情報] 台啤英熊FB - 哈吉勝離隊
2134,[新聞] 驚喜！「魔獸」現身彰化市引球迷瘋狂追逐
2135,[Live] 臺南台鋼獵鷹 VS 臺中太陽
2136,[新聞] 快來留言！魔獸想和你吃火鍋 分享球迷
2137,[閒聊] 台籃梗圖大賞
2138,[影片] 高雄鋼鐵人-開箱全新球員休息室
2139,[情報] 高雄全家海神FB-全新大螢幕
2140,[情報] Dwight Howard IG直播中
2141,Fw: [情報] 小黑曾柏喻當爸爸了
2142,[Live] 新北中信特攻 VS 高雄全家海神
2143,[新聞] 鋼鐵人主場週日開箱 贈品、活動都沒少盼
2144,[情報] 國王vs勇士，賽後記者會|11/25(五)
2145,[討論] 中信是不是該換洋將了？
2146,[情報] 今日布銳克曼
2147,[情報] 今日T1進場人數
2148,[BOX ] 22-23 T1例行賽–獵鷹 93:96 太陽
2149,[BOX ] T1例行賽 - 特攻 81:105 海神
2150,[情報] 漢神 高雄全家海神主場首戰勝利優惠
2151,[情報] 臺中太陽IG 香噴噴烤雞出爐囉
2152,[新聞] 第三節一波流逆轉　陛下砍26分率太陽逆
2153,[新聞] 海神回主場領冠軍戒指 向特攻復仇收3連勝
2154,[情報] 周儀翔 將於明天出賽
2155,[新聞] 獵鷹未直接接觸表弟 追逐甜瓜看好能掀熱潮
2156,[閒聊] UBA師大三連霸時期 「宇宙師」
2157,[閒聊] 台中太陽主場如何前往?
2158,[新聞] 霍華德彰化展現親和力 合照滿足球迷需求
2159,[新聞] 守不住布銳克曼 特攻不敵海神客場苦吞2連
2160,[閒聊] 昨日高雄巨蛋
2161,[閒聊] 霍華德感到震驚的台灣理髮體驗
2162,[閒聊] T1球員好像常製造尷尬的激情？
2163,[新聞] 皮爾斯建議籃網找霍華德 賈奈特：他人在
2164,[情報] 桃園雲豹FB-球員應援巾開賣
2165,[新聞] 霍華德現身台中！　受大批球迷蜂擁
2166,(本文已被刪除) [st52332002]
2167,[討論] 為什麼籃球不給紅黃牌
2168,[LIVE] 111UBA 男子組預賽 第一階段 11/27賽程
2169,[Live] 14:00    桃園永豐雲豹 VS 臺中太陽
2170,[閒聊] 今天的雲豹會有多少觀眾？
2171,[情報] 臺中太陽IG GAME DAY×桃園永豐雲豹
2172,(本文已被刪除) [Ryan1994]
2173,[情報] 台鋼獵鷹 IG 馬姐生日快樂
2174,[Live] PLG 14:30 夢想家vs國王
2175,Re: [閒聊] 吳永盛是不是回來了?
2176,[問題] 老吳這個動作是什麼意思？
2177,[閒聊] 老實說，老吳這個動作手勢很不應該吧？
2178,[討論] 外國朋友為什麼不用戴口罩
2179,[討論] 兩聯盟黃金交叉了嗎
2180,(本文已被刪除) [steven851015]
2181,[Live] 台灣啤酒英熊 VS 高雄全家海神
2182,[討論] 這場和夢勇G4
2183,[閒聊] 曼尼高的防守習慣其實很差
2184,[Live] PLG 17:00 領航猿vs鋼鐵人
2185,[閒聊] 所以雲豹還是需要Williams吧
2186,[討論] 國王主場 地板是不是很滑
2187,[閒聊] 劉嘉發英文有到連單字都不行的狀態嗎？
2188,[討論] 汪總的選材是不是真的有料
2189,[情報] 今日 仕東 陛下 艾倫
2190,[閒聊] 國王簽高承恩的目的是什麼？
2191,[閒聊] 是否要吸引觀眾場館好壞不是絕對
2192,[閒聊]  uba 師大彭柏樺 單場51分
2193,[問題] 鋼鐵人和領航猿的比賽好看嗎
2194,[情報] 今日太陽雲豹本土
2195,[新聞] 餵「魔獸」吃餅!霍華德收台中名產太陽餅
2196,[新聞] 威廉斯飆分、戴維斯賞9鍋寫紀錄　雲豹仍
2197,[BOX ] 22-23P+ 例行賽 夢想家 102 : 82 國王
2198,[情報] 夢想家吳家駿不當手勢 聯盟裁罰15000元
2199,[問題] 鋼鐵人莫瑞教練
2200,[閒聊] 周儀翔的表現值得多少薪水？
2201,[討論] 汰強
2202,[新聞] 不讓魔獸搶盡風采 太陽：持續接洽湯瑪斯
2203,Re: [情報] 今日太陽雲豹本土
2204,[新聞] 散發領袖魅力！　霍華德輸球後灌「雞湯」
2205,[閒聊] P+ 是不能雙手灌籃嗎？
2206,(本文已被刪除) [kerkerson]
2207,[問題] 鈦強是不是要改名叫太獨（毒？）
2208,[閒聊] 又瑋看著海歸大學長，雷控球在想什麼？
2209,[心得] 高雄海神主場開幕
2210,[閒聊] 鋼鐵人休息室該炸開了吧？
2211,[討論] 台啤到底找早哥來幹嘛？
2212,[閒聊] 台北勒布朗蟻翔哪時轉職交通警察了!?
2213,[討論] 鋼鐵人跟海神之後會不會黃金交叉
2214,[問題] 所以U+T那個吹判是哪裡有問題
2215,[情報] 今日T1進場人數
2216,(本文已被刪除) [maybe158003]
2217,[討論] 散場有那麼好看嗎？
2218,[情報] 今日愛禮(早哥)
2219,[閒聊] 進場的雄親在想什麼?
2220,[閒聊] 如果鈦強、早哥、威廉斯同一隊...
2221,[BOX ] T1例行賽 - 雲豹 87:93 太陽／英熊 98:97 海神
2222,[閒聊] 鋼鐵人可以挑戰單季0勝全負
2223,[情報] 今日 盧峻翔
2224,[閒聊] 今日黃泓瀚 PLG例行賽本土第一大三元
2225,[討論] 鋼鐵人賽後
2226,[情報] PLG/T1 戰績表 (2022/11/27)
2227,[問題] 主場DJ不能喊投不進嗎？
2228,[新聞] 魔獸狂潮席捲台中　台體大太陽主場湧58
2229,[情報] PLG/T1賽程表行事曆分享 可匯入行事曆
2230,[閒聊] 鋼鐵人要不要跟雲豹打一場至尊對決??
2231,[新聞] 台中變魔獸主場 太陽球員：我也是球迷
2232,[情報] 今日PLG進場人數
2233,[新聞] 心理戰激怒雲豹威廉斯 陳靖寰：這就是
2234,[閒聊] Terrence Jones 賽後練罰球
2235,[閒聊] 鋼鐵人的地板484蠻帥的~
2236,(本文已被刪除) [erikaptt]
2237,[閒聊] 肯尼要怎麼救鋼鐵人？
2238,[情報] 今日 白曜誠
2239,(已被yangmie刪除) <oo10042540> 6-1
2240,[情報] 今日兩聯盟本土球員得分上雙
2241,[新聞] 霍華德場邊當啦啦隊　雲豹仍不敵太陽
2242,[閒聊] 是不是很多人對魔獸期待太高了?
2243,(已被yangmie刪除) <foxes> 超貼
2244,[討論] 海神去年球迷數就跟鋼鐵人有拼嗎？
2245,[BOX ] 22-23 PLG例行賽–領航猿 108:78 鋼鐵人
2246,Re: [閒聊] 鋼鐵人要不要跟雲豹打一場至尊對決??
2247,(已被yangmie刪除) <mambacus> 2-1
2248,[閒聊] 關於王柏智
2249,[閒聊] 為何鋼鐵人即使輸球還是話題熱門？
2250,[閒聊] 鋼鐵人的進場人數應該還會再更低
2251,(本文已被刪除) [s0806001]
2252,(本文已被刪除) [wenew221]
2253,[閒聊] 第六人或許是呂政儒現在最好的選擇
2254,[新聞] 「早哥」愛禮首秀狂砍31分！ 致勝絕殺
2255,[新聞] 太陽戰績升上第1　跌破季前眼鏡
2256,[新聞] 暗示裁判收錢？吳家駿不當手勢被罰1.5萬
2257,[討論] 國王GM 毛加恩IG
2258,[新聞] 黃泓瀚首位本土大三元　周儀翔復出吞敗
2259,[討論] 現在的鋼鐵人過得了攻城獅這關嗎？
2260,[討論] 富邦勇士第一季到第三季票價
2261,[閒聊] 鋼鐵人484運氣很差啊??
2262,[討論] 鋼目前的表現有點抖啊
2263,[討論] T1比賽激情火爆好多了吧
2264,[閒聊] 味全是不是很適合接台中太陽隊
2265,[新聞] 魔獸賽前激勵隊友 雲豹教練也受用
2266,[新聞] 故意跟游艾喆同寢！　宋昕澔目標轉控球
2267,[新聞] 進中華培訓隊陷低潮　陳冠中每天喝「小
2268,[討論] 台中有其他的球場可以取代台體館嗎?
2269,[閒聊] 12/4魔獸會上場對海神嗎?
2270,[分享] 劉錚超越周士淵，總得分過五千分
2271,(本文已被刪除) [johnbill]
2272,(本文已被刪除) [Fatjoe1102]
2273,Re: [討論] UBA外籍生整理
2274,Re: [討論] 國王GM 毛加恩IG
2275,[討論] 周儀翔到底怎麼了
2276,[情報] MOTY2022重量級嘉賓-桃園永豐雲豹職業籃
2277,Re: [討論] 台啤到底找早哥來幹嘛？
2278,[閒聊] 影射裁判收錢應該要立即無限期禁賽吧?
2279,[閒聊] 裁判吹得爛影射收錢 那球員打得爛？
2280,Re: [閒聊] 影射裁判收錢應該要立即無限期禁賽吧?
2281,Re: [閒聊] 影射裁判收錢應該要立即無限期禁賽吧?
2282,[討論] PLG怎麼不設球場第一排？
2283,[情報] 台日韓四聯盟的平均進場人數(截至11/27)
2284,[情報] P+明日球星對決
2285,[專欄] 經理人podcast EP118【特別節目】魔獸來
2286,[閒聊] 現在賽前是不是都不敢照兩張以上了
2287,[問題] 台啤英雄的進場人數比想像中少？
2288,[閒聊] 老吳應該至少道個歉吧？
2289,[情報]  魔獸直播中
2290,[新聞] 贏球敗人品?毛加恩發文指控夢想家教頭沒品
2291,[閒聊] 國王官方ig 迷因
2292,(本文已被刪除) [king62602]
2293,Re: [閒聊] 影射裁判收錢應該要立即無限期禁賽吧?
2294,[討論] 大家覺得鋼鐵人做了哪些決定是錯誤的?
2295,[LIVE] 111UBA 男子組預賽 第一階段 11/28賽程
2296,[新聞] 富邦勇士相隔5週重返主場 推「比爾與他的
2297,[新聞] 終於！勇士12月起主場周開放飲食
2298,[討論] 高雄鋼鐵人 陳又瑋IG
2299,[閒聊] 現在兩聯盟洋將可以分等級了嗎
2300,[專欄] 港都少年的另類籃球夢－喬治城大學女子籃
2301,(已被yangmie刪除) <ben192726> 6-1
2302,Re: [討論] 大家覺得鋼鐵人球團做了哪些決定是錯的?
2303,[問題] 歐美本土教練薪水很低嗎
2304,[討論] P鋼鐵 T雲豹
2305,Re: [問題] 台啤英雄的進場人數比想像中少？
2306,Re: [問題] 台啤英雄的進場人數比想像中少？
2307,Re: [問題] 台啤英雄的進場人數比想像中少？
2308,[情報] 鋼鐵人vs領航猿，賽後記者會，11/27(日)
2309,[新聞] 臺中內戰僑光勝出　劉彥廷30分寫個人新高
2310,[新聞] SBL參賽名單出爐同季不得登錄其他聯盟洋將
2311,[閒聊] 霍華德出席時尚雜誌大賞
2312,[新聞] 王躍霖、王維中的「29歲小阿姨」台電女籃
2313,[閒聊] 一般國內系隊和校隊的差距有多大?
2314,[參選] nowandnew 參選台籃板版主
2315,Re: [討論] 周儀翔到底怎麼了
2316,[參選] akumakei 參選台籃板版主
2317,Re: [討論] 三聯盟洋將規定
2318,[閒聊] GM影片：JTC籃球訓練 台籃問題出在哪
2319,[新聞] 帥氣西裝現身紅毯！ 魔獸出席時尚雜誌年
2320,[新聞] 興奮出席時尚活動　霍華德秒追蹤「國民老婆」
2321,[閒聊] 今年T1的洋將對戰是不是一個很大的看點
2322,[情報] 高雄全家海神 - 謝謝帕克教練
2323,[閒聊] 黑人為什麼要一直迴避T1?
2324,[新聞] PLG、T1雙職籃注意！NBA最美日本女記者
2325,[情報] 鋼鐵人城市主題周主視覺登場
2326,Re: [閒聊] 黑人為什麼要一直迴避T1?
2327,[乳摸] 乳摸：跨聯盟交易｜太陽&鋼鐵人
2328,[公告] 水桶
2329,Re: [乳摸] 乳摸：跨聯盟交易｜太陽&鋼鐵人
2330,Re: [乳摸] 乳摸：跨聯盟交易｜太陽&鋼鐵人
2331,Re: [乳摸] 乳摸：跨聯盟交易｜太陽&鋼鐵人
2332,[討論] 能跨聯盟交易，那合辦明星賽可以嗎？
2333,[新聞] 右胸刺青回報母親 陳力生助隊4連勝
2334,[討論] 外媒報導表弟甜瓜矮湯都沒有意願來台灣？
2335,[討論] T1副會長:聯盟3-4隊正在接觸NBA殺手級球員
2336,[情報] 收視率 (1126-27) *含數位數字
2337,Re: [閒聊] 黑人為什麼要一直迴避T1?
2338,Re: [閒聊] 黑人為什麼要一直迴避T1?
2339,[LIVE] 111UBA 男子組預賽 第一階段 11/29賽程
2340,Re: [閒聊] 黑人為什麼要一直迴避T1?
2341,[閒聊] 大家心中經典絕殺的比賽是哪一場?
2342,Re: [討論] 外媒報導表弟甜瓜矮湯都沒有意願來台灣？
2343,Re: [閒聊] 黑人為什麼要一直迴避T1?
2344,[問題] 雲豹何時會宣布魔獸12/4會不會上?
2345,[新聞] 大三元寫紀錄　領航猿推出「瀚衛戰士」
2346,[新聞] 雲豹與輔大產學合作　霍華德明現身中美堂
2347,[新聞] 霍華德現身名媛聚會！歐尼爾批：無心打球
2348,Re: [新聞] 霍華德現身名媛聚會！歐尼爾批：無心打球
2349,[討論] 為什麼歐尼爾這麼討厭霍華德？
2350,(已被yangmie刪除) <leptoneta> 2-1
2351,[情報] 獅黑召集令 X 對號入座席
2352,[新聞] 霍華德化身型男　與隊友出席時尚盛會
2353,(本文已被刪除) [kent0405]
2354,[Live] PLG 19:00 攻城獅vs鋼鐵人
2355,[情報] 高雄全家海神 - 一日保育員體驗
2356,[情報] T1聯盟 - 戴維斯再創阻攻新紀錄
2357,(本文已被刪除) [mia0114]
2358,[閒聊] 場上少了交警蟻翔怎麼進攻反而順暢了!?
2359,[閒聊] 你是教練會讓哪名球員打先發？
